Date,Code,O,H,L,C,Vo,Va,AdjFactor,AdjO,AdjH,AdjL,AdjC,AdjVo
2024-01-04,01110,2604.0,2606.0,2598.0,2600.0,24659800.0,64148360000.0,1.0,2604.0,2606.0,2598.0,2600.0,24659800.0
2024-01-05,01110,2599.0,2672.0,2597.0,2670.0,37151900.0,98316311000.0,1.0,2599.0,2672.0,2597.0,2670.0,37151900.0
2024-01-08,01110,2670.0,2721.0,2669.0,2720.0,32006400.0,86523968000.0,1.0,2670.0,2721.0,2669.0,2720.0,32006400.0
2024-01-09,01110,2716.0,2716.0,2679.0,2679.0,34073900.0,91704223000.0,1.0,2716.0,2716.0,2679.0,2679.0,34073900.0
2024-01-10,01110,2680.0,2684.0,2617.0,2621.0,14109600.0,37258750000.0,1.0,2680.0,2684.0,2617.0,2621.0,14109600.0
2024-01-11,01110,2625.0,2632.0,2617.0,2624.0,41562700.0,109074379000.0,1.0,2625.0,2632.0,2617.0,2624.0,41562700.0
2024-01-12,01110,2623.0,2661.0,2623.0,2661.0,29594700.0,78376630000.0,1.0,2623.0,2661.0,2623.0,2661.0,29594700.0
2024-01-15,01110,2662.0,2686.0,2660.0,2684.0,23235100.0,62192618000.0,1.0,2662.0,2686.0,2660.0,2684.0,23235100.0
2024-01-16,01110,2687.0,2763.0,2687.0,2763.0,25794500.0,70616743000.0,1.0,2687.0,2763.0,2687.0,2763.0,25794500.0
2024-01-17,01110,2766.0,2803.0,2760.0,2797.0,23021700.0,64153804000.0,1.0,2766.0,2803.0,2760.0,2797.0,23021700.0
2024-01-18,01110,2800.0,2830.0,2797.0,2827.0,47768900.0,134612760000.0,1.0,2800.0,2830.0,2797.0,2827.0,47768900.0
2024-01-19,01110,2830.0,2831.0,2794.0,2795.0,22852700.0,64139911000.0,1.0,2830.0,2831.0,2794.0,2795.0,22852700.0
2024-01-22,01110,2786.0,2787.0,2746.0,2747.0,34860000.0,96213600000.0,1.0,2786.0,2787.0,2746.0,2747.0,34860000.0
2024-01-23,01110,2742.0,2823.0,2733.0,2813.0,23907700.0,66694514000.0,1.0,2742.0,2823.0,2733.0,2813.0,23907700.0
2024-01-24,01110,2814.0,2817.0,2813.0,2816.0,21883200.0,61608502000.0,1.0,2814.0,2817.0,2813.0,2816.0,21883200.0
2024-01-25,01110,2811.0,2856.0,2809.0,2854.0,27511600.0,78123773000.0,1.0,2811.0,2856.0,2809.0,2854.0,27511600.0
2024-01-26,01110,2857.0,2863.0,2786.0,2792.0,40300900.0,113393299000.0,1.0,2857.0,2863.0,2786.0,2792.0,40300900.0
2024-01-29,01110,2790.0,2797.0,2767.0,2774.0,21586400.0,59995801000.0,1.0,2790.0,2797.0,2767.0,2774.0,21586400.0
2024-01-30,01110,2770.0,2772.0,2716.0,2718.0,15068600.0,41217644000.0,1.0,2770.0,2772.0,2716.0,2718.0,15068600.0
2024-01-31,01110,2720.0,2730.0,2675.0,2685.0,34227500.0,92300158000.0,1.0,2720.0,2730.0,2675.0,2685.0,34227500.0
2024-02-01,01110,2683.0,2735.0,2673.0,2725.0,19884400.0,53906608000.0,1.0,2683.0,2735.0,2673.0,2725.0,19884400.0
2024-02-02,01110,2722.0,2729.0,2655.0,2662.0,31032000.0,83227824000.0,1.0,2722.0,2729.0,2655.0,2662.0,31032000.0
2024-02-05,01110,2664.0,2665.0,2639.0,2640.0,48293700.0,127881718000.0,1.0,2664.0,2665.0,2639.0,2640.0,48293700.0
2024-02-06,01110,2639.0,2649.0,2638.0,2648.0,36906900.0,97618750000.0,1.0,2639.0,2649.0,2638.0,2648.0,36906900.0
2024-02-07,01110,2645.0,2651.0,2615.0,2621.0,36052000.0,94780708000.0,1.0,2645.0,2651.0,2615.0,2621.0,36052000.0
2024-02-08,01110,2618.0,2621.0,2608.0,2611.0,12767600.0,33365995000.0,1.0,2618.0,2621.0,2608.0,2611.0,12767600.0
2024-02-09,01110,2607.0,2613.0,2596.0,2602.0,27447800.0,71464922000.0,1.0,2607.0,2613.0,2596.0,2602.0,27447800.0
2024-02-12,01110,2606.0,2627.0,2599.0,2620.0,36128300.0,94487547000.0,1.0,2606.0,2627.0,2599.0,2620.0,36128300.0
2024-02-13,01110,2623.0,2624.0,2602.0,2603.0,30079400.0,78497208000.0,1.0,2623.0,2624.0,2602.0,2603.0,30079400.0
2024-02-14,01110,2603.0,2619.0,2599.0,2615.0,31263300.0,81628476000.0,1.0,2603.0,2619.0,2599.0,2615.0,31263300.0
2024-02-15,01110,2613.0,2619.0,2612.0,2618.0,22399400.0,58604297000.0,1.0,2613.0,2619.0,2612.0,2618.0,22399400.0
2024-02-16,01110,2619.0,2638.0,2618.0,2637.0,46281300.0,121766100000.0,1.0,2619.0,2638.0,2618.0,2637.0,46281300.0
2024-02-19,01110,2636.0,2654.0,2629.0,2647.0,21576700.0,57034410000.0,1.0,2636.0,2654.0,2629.0,2647.0,21576700.0
2024-02-20,01110,2649.0,2729.0,2639.0,2719.0,26299700.0,70895225000.0,1.0,2649.0,2729.0,2639.0,2719.0,26299700.0
2024-02-21,01110,2721.0,2722.0,2690.0,2691.0,19959300.0,53910069000.0,1.0,2721.0,2722.0,2690.0,2691.0,19959300.0
2024-02-22,01110,2691.0,2748.0,2687.0,2744.0,34545600.0,94182821000.0,1.0,2691.0,2748.0,2687.0,2744.0,34545600.0
2024-02-23,01110,2743.0,2750.0,2720.0,2727.0,35902600.0,98097871000.0,1.0,2743.0,2750.0,2720.0,2727.0,35902600.0
2024-02-26,01110,2729.0,2730.0,2685.0,2686.0,27110600.0,73207657000.0,1.0,2729.0,2730.0,2685.0,2686.0,27110600.0
2024-02-27,01110,2686.0,2743.0,2683.0,2740.0,24683000.0,67187126000.0,1.0,2686.0,2743.0,2683.0,2740.0,24683000.0
2024-02-28,01110,2735.0,2739.0,2717.0,2721.0,28298500.0,77132278000.0,1.0,2735.0,2739.0,2717.0,2721.0,28298500.0
2024-02-29,01110,2722.0,2729.0,2698.0,2705.0,73429300.0,199042356000.0,1.0,2722.0,2729.0,2698.0,2705.0,73429300.0
2024-03-01,01110,2710.0,2712.0,2645.0,2647.0,13181700.0,35168776000.0,1.0,2710.0,2712.0,2645.0,2647.0,13181700.0
2024-03-04,01110,2646.0,2650.0,2556.0,2560.0,26720900.0,69171503000.0,1.0,2646.0,2650.0,2556.0,2560.0,26720900.0
2024-03-05,01110,2561.0,2587.0,2561.0,2587.0,38838200.0,100137826000.0,1.0,2561.0,2587.0,2561.0,2587.0,38838200.0
2024-03-06,01110,2586.0,2592.0,2534.0,2540.0,31988100.0,81740258000.0,1.0,2586.0,2592.0,2534.0,2540.0,31988100.0
2024-03-07,01110,2541.0,2579.0,2534.0,2572.0,26467600.0,67801169000.0,1.0,2541.0,2579.0,2534.0,2572.0,26467600.0
2024-03-08,01110,2571.0,2662.0,2559.0,2650.0,31295600.0,82109223000.0,1.0,2571.0,2662.0,2559.0,2650.0,31295600.0
2024-03-11,01110,2656.0,2657.0,2645.0,2646.0,25171800.0,66688489000.0,1.0,2656.0,2657.0,2645.0,2646.0,25171800.0
2024-03-12,01110,2647.0,2651.0,2596.0,2600.0,21115600.0,55231371000.0,1.0,2647.0,2651.0,2596.0,2600.0,21115600.0
2024-03-13,01110,2600.0,2624.0,2593.0,2617.0,25044200.0,65398754000.0,1.0,2600.0,2624.0,2593.0,2617.0,25044200.0
2024-03-14,01110,2618.0,2653.0,2615.0,2650.0,47333700.0,124929412000.0,1.0,2618.0,2653.0,2615.0,2650.0,47333700.0
2024-03-15,01110,2650.0,2654.0,2635.0,2639.0,40182300.0,106188425000.0,1.0,2650.0,2654.0,2635.0,2639.0,40182300.0
2024-03-18,01110,2643.0,2646.0,2638.0,2641.0,25332500.0,66920021000.0,1.0,2643.0,2646.0,2638.0,2641.0,25332500.0
2024-03-19,01110,2639.0,2712.0,2625.0,2698.0,30110600.0,80646224000.0,1.0,2639.0,2712.0,2625.0,2698.0,30110600.0
2024-03-20,01110,2696.0,2758.0,2692.0,2754.0,31335500.0,85692147000.0,1.0,2696.0,2758.0,2692.0,2754.0,31335500.0
2024-03-21,01110,2756.0,2787.0,2755.0,2786.0,39142600.0,108659858000.0,1.0,2756.0,2787.0,2755.0,2786.0,39142600.0
2024-03-22,01110,2785.0,2788.0,2746.0,2749.0,21089000.0,58226729000.0,1.0,2785.0,2788.0,2746.0,2749.0,21089000.0
2024-03-25,01110,2747.0,2753.0,2741.0,2747.0,45213200.0,124200660000.0,1.0,2747.0,2753.0,2741.0,2747.0,45213200.0
2024-03-26,01110,2742.0,2783.0,2734.0,2775.0,23838000.0,65888232000.0,1.0,2742.0,2783.0,2734.0,2775.0,23838000.0
2024-03-27,01110,2775.0,2776.0,2765.0,2766.0,36822500.0,101961502000.0,1.0,2775.0,2776.0,2765.0,2766.0,36822500.0
2024-03-28,01110,2764.0,2767.0,2737.0,2740.0,34283200.0,94210234000.0,1.0,2764.0,2767.0,2737.0,2740.0,34283200.0
2024-03-29,01110,2743.0,2747.0,2703.0,2707.0,19981800.0,54330514000.0,1.0,2743.0,2747.0,2703.0,2707.0,19981800.0
2024-04-01,01110,2704.0,2707.0,2678.0,2681.0,36364900.0,97773094000.0,1.0,2704.0,2707.0,2678.0,2681.0,36364900.0
2024-04-02,01110,2682.0,2685.0,2650.0,2653.0,45277000.0,120557559000.0,1.0,2682.0,2685.0,2650.0,2653.0,45277000.0
2024-04-03,01110,2653.0,2657.0,2631.0,2635.0,64739200.0,170976227000.0,1.0,2653.0,2657.0,2631.0,2635.0,64739200.0
2024-04-04,01110,2633.0,2687.0,2630.0,2684.0,36843900.0,98262681000.0,1.0,2633.0,2687.0,2630.0,2684.0,36843900.0
2024-04-05,01110,2688.0,2691.0,2648.0,2651.0,26706300.0,71127779000.0,1.0,2688.0,2691.0,2648.0,2651.0,26706300.0
2024-04-08,01110,2655.0,2692.0,2652.0,2689.0,28294000.0,75761901000.0,1.0,2655.0,2692.0,2652.0,2689.0,28294000.0
2024-04-09,01110,2688.0,2708.0,2688.0,2708.0,46778900.0,126365402000.0,1.0,2688.0,2708.0,2688.0,2708.0,46778900.0
2024-04-10,01110,2708.0,2721.0,2703.0,2715.0,58429700.0,158519776000.0,1.0,2708.0,2721.0,2703.0,2715.0,58429700.0
2024-04-11,01110,2709.0,2710.0,2679.0,2680.0,35354100.0,95090744000.0,1.0,2709.0,2710.0,2679.0,2680.0,35354100.0
2024-04-12,01110,2683.0,2692.0,2652.0,2661.0,31209100.0,83276282000.0,1.0,2683.0,2692.0,2652.0,2661.0,31209100.0
2024-04-15,01110,2661.0,2749.0,2659.0,2747.0,38134300.0,103661739000.0,1.0,2661.0,2749.0,2659.0,2747.0,38134300.0
2024-04-16,01110,2750.0,2758.0,2745.0,2753.0,36916700.0,101594758000.0,1.0,2750.0,2758.0,2745.0,2753.0,36916700.0
2024-04-17,01110,2752.0,2781.0,2748.0,2777.0,29397000.0,81390494000.0,1.0,2752.0,2781.0,2748.0,2777.0,29397000.0
2024-04-18,01110,2779.0,2808.0,2778.0,2807.0,23648200.0,66159781000.0,1.0,2779.0,2808.0,2778.0,2807.0,23648200.0
2024-04-19,01110,2808.0,2860.0,2804.0,2856.0,23831600.0,67681744000.0,1.0,2808.0,2860.0,2804.0,2856.0,23831600.0
2024-04-22,01110,2858.0,2859.0,2845.0,2846.0,20589000.0,58678650000.0,1.0,2858.0,2859.0,2845.0,2846.0,20589000.0
2024-04-23,01110,2845.0,2848.0,2816.0,2819.0,40251300.0,113817259000.0,1.0,2845.0,2848.0,2816.0,2819.0,40251300.0
2024-04-24,01110,2817.0,2827.0,2807.0,2817.0,32206000.0,90724302000.0,1.0,2817.0,2827.0,2807.0,2817.0,32206000.0
2024-04-25,01110,2814.0,2816.0,2804.0,2806.0,39348000.0,110515416000.0,1.0,2814.0,2816.0,2804.0,2806.0,39348000.0
2024-04-26,01110,2807.0,2848.0,2802.0,2843.0,17023200.0,48192679000.0,1.0,2807.0,2848.0,2802.0,2843.0,17023200.0
2024-04-29,01110,2841.0,2856.0,2837.0,2852.0,28050700.0,79897744000.0,1.0,2841.0,2856.0,2837.0,2852.0,28050700.0
2024-04-30,01110,2854.0,2867.0,2851.0,2864.0,29972700.0,85741904000.0,1.0,2854.0,2867.0,2851.0,2864.0,29972700.0
2024-05-01,01110,2859.0,2874.0,2856.0,2871.0,33404800.0,95771562000.0,1.0,2859.0,2874.0,2856.0,2871.0,33404800.0
2024-05-02,01110,2875.0,2932.0,2872.0,2929.0,23148000.0,67383828000.0,1.0,2875.0,2932.0,2872.0,2929.0,23148000.0
2024-05-03,01110,2931.0,2935.0,2901.0,2905.0,45264200.0,131884791000.0,1.0,2931.0,2935.0,2901.0,2905.0,45264200.0
2024-05-06,01110,2905.0,2906.0,2882.0,2883.0,22854400.0,66056834000.0,1.0,2905.0,2906.0,2882.0,2883.0,22854400.0
2024-05-07,01110,2881.0,2927.0,2879.0,2925.0,15005000.0,43669552000.0,1.0,2881.0,2927.0,2879.0,2925.0,15005000.0
2024-05-08,01110,2923.0,2930.0,2914.0,2921.0,19897900.0,58135031000.0,1.0,2923.0,2930.0,2914.0,2921.0,19897900.0
2024-05-09,01110,2920.0,2947.0,2912.0,2939.0,25991500.0,76224406000.0,1.0,2920.0,2947.0,2912.0,2939.0,25991500.0
2024-05-10,01110,2941.0,2942.0,2905.0,2906.0,36439100.0,106317147000.0,1.0,2941.0,2942.0,2905.0,2906.0,36439100.0
2024-05-13,01110,2907.0,2909.0,2905.0,2907.0,13601000.0,39538107000.0,1.0,2907.0,2909.0,2905.0,2907.0,13601000.0
2024-05-14,01110,2908.0,2936.0,2900.0,2928.0,28794100.0,84117164000.0,1.0,2908.0,2936.0,2900.0,2928.0,28794100.0
2024-05-15,01110,2931.0,2934.0,2865.0,2868.0,42477200.0,122716631000.0,1.0,2931.0,2934.0,2865.0,2868.0,42477200.0
2024-05-16,01110,2870.0,2871.0,2836.0,2837.0,42266000.0,120373568000.0,1.0,2870.0,2871.0,2836.0,2837.0,42266000.0
2024-05-17,01110,2840.0,2857.0,2840.0,2857.0,28057400.0,80001000000.0,1.0,2840.0,2857.0,2840.0,2857.0,28057400.0
2024-05-20,01110,2857.0,2972.0,2848.0,2962.0,45531900.0,133287049000.0,1.0,2857.0,2972.0,2848.0,2962.0,45531900.0
2024-05-21,01110,2959.0,2995.0,2950.0,2985.0,28856600.0,85896479000.0,1.0,2959.0,2995.0,2950.0,2985.0,28856600.0
2024-05-22,01110,2989.0,2991.0,2981.0,2983.0,34027100.0,101570894000.0,1.0,2989.0,2991.0,2981.0,2983.0,34027100.0
2024-05-23,01110,2987.0,3000.0,2931.0,2944.0,27619200.0,81706800000.0,1.0,2987.0,3000.0,2931.0,2944.0,27619200.0
2024-05-24,01110,2939.0,2964.0,2938.0,2963.0,29772500.0,87977738000.0,1.0,2939.0,2964.0,2938.0,2963.0,29772500.0
2024-05-27,01110,2962.0,2966.0,2844.0,2848.0,62300100.0,179798089000.0,1.0,2962.0,2966.0,2844.0,2848.0,62300100.0
2024-05-28,01110,2855.0,2866.0,2836.0,2847.0,37654100.0,107301634000.0,1.0,2855.0,2866.0,2836.0,2847.0,37654100.0
2024-05-29,01110,2851.0,2859.0,2824.0,2832.0,40939100.0,116198812000.0,1.0,2851.0,2859.0,2824.0,2832.0,40939100.0
2024-05-30,01110,2835.0,2836.0,2809.0,2810.0,27686200.0,78028940000.0,1.0,2835.0,2836.0,2809.0,2810.0,27686200.0
2024-05-31,01110,2804.0,2928.0,2794.0,2917.0,21247100.0,61184566000.0,1.0,2804.0,2928.0,2794.0,2917.0,21247100.0
2024-06-03,01110,2916.0,2918.0,2803.0,2804.0,26400300.0,75020852000.0,1.0,2916.0,2918.0,2803.0,2804.0,26400300.0
2024-06-04,01110,2802.0,2808.0,2798.0,2804.0,33346100.0,93480234000.0,1.0,2802.0,2808.0,2798.0,2804.0,33346100.0
2024-06-05,01110,2804.0,2810.0,2802.0,2808.0,23384900.0,65633619000.0,1.0,2804.0,2810.0,2802.0,2808.0,23384900.0
2024-06-06,01110,2808.0,2833.0,2805.0,2830.0,41559100.0,117307486000.0,1.0,2808.0,2833.0,2805.0,2830.0,41559100.0
2024-06-07,01110,2833.0,2840.0,2752.0,2759.0,15129100.0,42114371000.0,1.0,2833.0,2840.0,2752.0,2759.0,15129100.0
2024-06-10,01110,2758.0,2761.0,2737.0,2740.0,59422900.0,163175283000.0,1.0,2758.0,2761.0,2737.0,2740.0,59422900.0
2024-06-11,01110,2740.0,2746.0,2670.0,2676.0,28591100.0,77119727000.0,1.0,2740.0,2746.0,2670.0,2676.0,28591100.0
2024-06-12,01110,2674.0,2674.0,2671.0,2671.0,61571500.0,164519048000.0,1.0,2674.0,2674.0,2671.0,2671.0,61571500.0
2024-06-13,01110,2667.0,2681.0,2666.0,2680.0,59687800.0,159704657000.0,1.0,2667.0,2681.0,2666.0,2680.0,59687800.0
2024-06-14,01110,2681.0,2690.0,2679.0,2688.0,56537300.0,151840342000.0,1.0,2681.0,2690.0,2679.0,2688.0,56537300.0
2024-06-17,01110,2691.0,2698.0,2673.0,2680.0,29772100.0,79898392000.0,1.0,2691.0,2698.0,2673.0,2680.0,29772100.0
2024-06-18,01110,2680.0,2693.0,2676.0,2689.0,37001000.0,99384686000.0,1.0,2680.0,2693.0,2676.0,2689.0,37001000.0
2024-06-19,01110,2693.0,2697.0,2693.0,2697.0,20489200.0,55232053000.0,1.0,2693.0,2697.0,2693.0,2697.0,20489200.0
2024-06-20,01110,2696.0,2723.0,2688.0,2715.0,32199200.0,87216900000.0,1.0,2696.0,2723.0,2688.0,2715.0,32199200.0
2024-06-21,01110,2717.0,2721.0,2713.0,2717.0,29649400.0,80557420000.0,1.0,2717.0,2721.0,2713.0,2717.0,29649400.0
2024-06-24,01110,2712.0,2712.0,2642.0,2642.0,15276600.0,40717231000.0,1.0,2712.0,2712.0,2642.0,2642.0,15276600.0
2024-06-25,01110,2643.0,2647.0,2605.0,2608.0,22132300.0,57986626000.0,1.0,2643.0,2647.0,2605.0,2608.0,22132300.0
2024-06-26,01110,2613.0,2632.0,2605.0,2624.0,47719400.0,125040734000.0,1.0,2613.0,2632.0,2605.0,2624.0,47719400.0
2024-06-27,01110,2622.0,2624.0,2585.0,2586.0,19550300.0,50798196000.0,1.0,2622.0,2624.0,2585.0,2586.0,19550300.0
2024-06-28,01110,2587.0,2592.0,2549.0,2554.0,41922900.0,107532238000.0,1.0,2587.0,2592.0,2549.0,2554.0,41922900.0
2024-07-01,01110,2555.0,2562.0,2553.0,2560.0,30056600.0,76894802000.0,1.0,2555.0,2562.0,2553.0,2560.0,30056600.0
2024-07-02,01110,2559.0,2564.0,2554.0,2559.0,28155600.0,72050180000.0,1.0,2559.0,2564.0,2554.0,2559.0,28155600.0
2024-07-03,01110,2560.0,2597.0,2559.0,2596.0,17820900.0,46049206000.0,1.0,2560.0,2597.0,2559.0,2596.0,17820900.0
2024-07-04,01110,2596.0,2631.0,2583.0,2618.0,34723200.0,90650701000.0,1.0,2596.0,2631.0,2583.0,2618.0,34723200.0
2024-07-05,01110,2616.0,2620.0,2597.0,2601.0,37771800.0,98433311000.0,1.0,2616.0,2620.0,2597.0,2601.0,37771800.0
2024-07-08,01110,2601.0,2608.0,2599.0,2606.0,73000200.0,190116854000.0,1.0,2601.0,2608.0,2599.0,2606.0,73000200.0
2024-07-09,01110,2605.0,2607.0,2489.0,2491.0,27644700.0,69913446000.0,1.0,2605.0,2607.0,2489.0,2491.0,27644700.0
2024-07-10,01110,2491.0,2497.0,2455.0,2460.0,24271800.0,59967527000.0,1.0,2491.0,2497.0,2455.0,2460.0,24271800.0
2024-07-11,01110,2455.0,2459.0,2451.0,2455.0,37188300.0,91297276000.0,1.0,2455.0,2459.0,2451.0,2455.0,37188300.0
2024-07-12,01110,2454.0,2458.0,2359.0,2363.0,31238800.0,74764861000.0,1.0,2454.0,2458.0,2359.0,2363.0,31238800.0
2024-07-15,01110,2366.0,2372.0,2346.0,2352.0,24676500.0,58154285000.0,1.0,2366.0,2372.0,2346.0,2352.0,24676500.0
2024-07-16,01110,2354.0,2364.0,2352.0,2362.0,40304600.0,95091986000.0,1.0,2354.0,2364.0,2352.0,2362.0,40304600.0
2024-07-17,01110,2365.0,2408.0,2359.0,2402.0,32308600.0,77206784000.0,1.0,2365.0,2408.0,2359.0,2402.0,32308600.0
2024-07-18,01110,2402.0,2423.0,2397.0,2418.0,32798900.0,79132813000.0,1.0,2402.0,2423.0,2397.0,2418.0,32798900.0
2024-07-19,01110,2421.0,2500.0,2414.0,2493.0,46313800.0,114348772000.0,1.0,2421.0,2500.0,2414.0,2493.0,46313800.0
2024-07-22,01110,2497.0,2556.0,2496.0,2555.0,22657300.0,57451360000.0,1.0,2497.0,2556.0,2496.0,2555.0,22657300.0
2024-07-23,01110,2554.0,2560.0,2484.0,2490.0,42078600.0,105673391000.0,1.0,2554.0,2560.0,2484.0,2490.0,42078600.0
2024-07-24,01110,2490.0,2491.0,2481.0,2482.0,23499400.0,58388176000.0,1.0,2490.0,2491.0,2481.0,2482.0,23499400.0
2024-07-25,01110,2489.0,2494.0,2471.0,2476.0,34900300.0,86564377000.0,1.0,2489.0,2494.0,2471.0,2476.0,34900300.0
2024-07-26,01110,2475.0,2485.0,2471.0,2481.0,29345100.0,72746503000.0,1.0,2475.0,2485.0,2471.0,2481.0,29345100.0
2024-07-29,01110,2476.0,2478.0,2457.0,2459.0,28414300.0,70031778000.0,1.0,2476.0,2478.0,2457.0,2459.0,28414300.0
2024-07-30,01110,2463.0,2488.0,2459.0,2484.0,8040300.0,19915823000.0,1.0,2463.0,2488.0,2459.0,2484.0,8040300.0
2024-07-31,01110,2484.0,2519.0,2479.0,2514.0,27603900.0,69120166000.0,1.0,2484.0,2519.0,2479.0,2514.0,27603900.0
2024-08-01,01110,2510.0,2512.0,2452.0,2454.0,20507300.0,50707717000.0,1.0,2510.0,2512.0,2452.0,2454.0,20507300.0
2024-08-02,01110,2451.0,2499.0,2444.0,2492.0,28425400.0,70447616000.0,1.0,2451.0,2499.0,2444.0,2492.0,28425400.0
2024-08-05,01110,2493.0,2496.0,2464.0,2467.0,27465800.0,67996166000.0,1.0,2493.0,2496.0,2464.0,2467.0,27465800.0
2024-08-06,01110,2464.0,2518.0,2456.0,2510.0,35626700.0,88876741000.0,1.0,2464.0,2518.0,2456.0,2510.0,35626700.0
2024-08-07,01110,2508.0,2537.0,2504.0,2533.0,15785200.0,39852368000.0,1.0,2508.0,2537.0,2504.0,2533.0,15785200.0
2024-08-08,01110,2529.0,2539.0,2519.0,2529.0,27513500.0,69581642000.0,1.0,2529.0,2539.0,2519.0,2529.0,27513500.0
2024-08-09,01110,2529.0,2612.0,2528.0,2611.0,39838300.0,102928888000.0,1.0,2529.0,2612.0,2528.0,2611.0,39838300.0
2024-08-12,01110,2611.0,2659.0,2601.0,2649.0,21315600.0,56195027000.0,1.0,2611.0,2659.0,2601.0,2649.0,21315600.0
2024-08-13,01110,2644.0,2656.0,2639.0,2651.0,31793200.0,84209589000.0,1.0,2644.0,2656.0,2639.0,2651.0,31793200.0
2024-08-14,01110,2655.0,2668.0,2650.0,2663.0,55776700.0,148384614000.0,1.0,2655.0,2668.0,2650.0,2663.0,55776700.0
2024-08-15,01110,2660.0,2773.0,2655.0,2768.0,31756800.0,86759578000.0,1.0,2660.0,2773.0,2655.0,2768.0,31756800.0
2024-08-16,01110,2767.0,2837.0,2762.0,2832.0,36238000.0,101840859000.0,1.0,2767.0,2837.0,2762.0,2832.0,36238000.0
2024-08-19,01110,2838.0,2883.0,2832.0,2877.0,26109100.0,74776462000.0,1.0,2838.0,2883.0,2832.0,2877.0,26109100.0
2024-08-20,01110,2876.0,2888.0,2875.0,2887.0,17930900.0,51700762000.0,1.0,2876.0,2888.0,2875.0,2887.0,17930900.0
2024-08-21,01110,2885.0,2918.0,2881.0,2914.0,22844100.0,66346881000.0,1.0,2885.0,2918.0,2881.0,2914.0,22844100.0
2024-08-22,01110,2912.0,2928.0,2906.0,2922.0,36468900.0,106440563000.0,1.0,2912.0,2928.0,2906.0,2922.0,36468900.0
2024-08-23,01110,2924.0,2927.0,2849.0,2852.0,62752100.0,180475040000.0,1.0,2924.0,2927.0,2849.0,2852.0,62752100.0
2024-08-26,01110,2850.0,2895.0,2849.0,2894.0,19107700.0,55017438000.0,1.0,2850.0,2895.0,2849.0,2894.0,19107700.0
2024-08-27,01110,2888.0,2914.0,2888.0,2914.0,21419800.0,62231659000.0,1.0,2888.0,2914.0,2888.0,2914.0,21419800.0
2024-08-28,01110,2910.0,2921.0,2842.0,2852.0,27272100.0,78316380000.0,1.0,2910.0,2921.0,2842.0,2852.0,27272100.0
2024-08-29,01110,2850.0,2856.0,2818.0,2824.0,18613200.0,52724991000.0,1.0,2850.0,2856.0,2818.0,2824.0,18613200.0
2024-08-30,01110,2824.0,2829.0,2809.0,2814.0,29001100.0,81705766000.0,1.0,2824.0,2829.0,2809.0,2814.0,29001100.0
2024-09-02,01110,2809.0,2829.0,2809.0,2829.0,34262200.0,96699349000.0,1.0,2809.0,2829.0,2809.0,2829.0,34262200.0
2024-09-03,01110,2829.0,2911.0,2827.0,2909.0,31392600.0,90483937000.0,1.0,2829.0,2911.0,2827.0,2909.0,31392600.0
2024-09-04,01110,2908.0,2922.0,2897.0,2911.0,25594100.0,74478831000.0,1.0,2908.0,2922.0,2897.0,2911.0,25594100.0
2024-09-05,01110,2908.0,2909.0,2822.0,2823.0,15452400.0,44059943000.0,1.0,2908.0,2909.0,2822.0,2823.0,15452400.0
2024-09-06,01110,2822.0,2859.0,2816.0,2853.0,39030300.0,110950133000.0,1.0,2822.0,2859.0,2816.0,2853.0,39030300.0
2024-09-09,01110,2858.0,2858.0,2846.0,2846.0,22942600.0,65386410000.0,1.0,2858.0,2858.0,2846.0,2846.0,22942600.0
2024-09-10,01110,2845.0,2845.0,2769.0,2769.0,30092200.0,84087638000.0,1.0,2845.0,2845.0,2769.0,2769.0,30092200.0
2024-09-11,01110,2769.0,2772.0,2668.0,2671.0,24584200.0,66467482000.0,1.0,2769.0,2772.0,2668.0,2671.0,24584200.0
2024-09-12,01110,2673.0,2674.0,2625.0,2626.0,21101900.0,55744186000.0,1.0,2673.0,2674.0,2625.0,2626.0,21101900.0
2024-09-13,01110,2625.0,2644.0,2624.0,2643.0,23708500.0,62519314000.0,1.0,2625.0,2644.0,2624.0,2643.0,23708500.0
2024-09-16,01110,2644.0,2650.0,2606.0,2612.0,24048900.0,63072248000.0,1.0,2644.0,2650.0,2606.0,2612.0,24048900.0
2024-09-17,01110,2613.0,2642.0,2609.0,2638.0,15822400.0,41607638000.0,1.0,2613.0,2642.0,2609.0,2638.0,15822400.0
2024-09-18,01110,2634.0,2636.0,2625.0,2627.0,18009000.0,47351664000.0,1.0,2634.0,2636.0,2625.0,2627.0,18009000.0
2024-09-19,01110,2628.0,2636.0,2627.0,2635.0,32021100.0,84300883000.0,1.0,2628.0,2636.0,2627.0,2635.0,32021100.0
2024-09-20,01110,2633.0,2668.0,2631.0,2666.0,38399300.0,101950142000.0,1.0,2633.0,2668.0,2631.0,2666.0,38399300.0
2024-09-23,01110,2665.0,2698.0,2658.0,2691.0,28021700.0,75163540000.0,1.0,2665.0,2698.0,2658.0,2691.0,28021700.0
2024-09-24,01110,2691.0,2697.0,2641.0,2647.0,19667800.0,52349128000.0,1.0,2691.0,2697.0,2641.0,2647.0,19667800.0
2024-09-25,01110,2644.0,2736.0,2639.0,2731.0,27014400.0,72992909000.0,1.0,2644.0,2736.0,2639.0,2731.0,27014400.0
2024-09-26,01110,2733.0,2735.0,2645.0,2646.0,40928200.0,109496578000.0,1.0,2733.0,2735.0,2645.0,2646.0,40928200.0
2024-09-27,01110,2648.0,2660.0,2627.0,2639.0,23474600.0,62019893000.0,1.0,2648.0,2660.0,2627.0,2639.0,23474600.0
2024-09-30,01110,2645.0,2654.0,2588.0,2597.0,43039100.0,112461168000.0,1.0,2645.0,2654.0,2588.0,2597.0,43039100.0
2024-10-01,01110,2596.0,2658.0,2586.0,2648.0,25706800.0,67626022000.0,1.0,2596.0,2658.0,2586.0,2648.0,25706800.0
2024-10-02,01110,2647.0,2652.0,2590.0,2594.0,29283200.0,76487718000.0,1.0,2647.0,2652.0,2590.0,2594.0,29283200.0
2024-10-03,01110,2598.0,2609.0,2541.0,2552.0,21221500.0,54482664000.0,1.0,2598.0,2609.0,2541.0,2552.0,21221500.0
2024-10-04,01110,2548.0,2553.0,2502.0,2507.0,33740200.0,85047797000.0,1.0,2548.0,2553.0,2502.0,2507.0,33740200.0
2024-10-07,01110,2505.0,2510.0,2448.0,2453.0,46781600.0,115566146000.0,1.0,2505.0,2510.0,2448.0,2453.0,46781600.0
2024-10-08,01110,2457.0,2458.0,2430.0,2431.0,24779600.0,60453964000.0,1.0,2457.0,2458.0,2430.0,2431.0,24779600.0
2024-10-09,01110,2429.0,2439.0,2429.0,2439.0,32860000.0,80036007000.0,1.0,2429.0,2439.0,2429.0,2439.0,32860000.0
2024-10-10,01110,2445.0,2448.0,2399.0,2402.0,22055900.0,53294406000.0,1.0,2445.0,2448.0,2399.0,2402.0,22055900.0
2024-10-11,01110,2401.0,2405.0,2334.0,2338.0,32997100.0,77840159000.0,1.0,2401.0,2405.0,2334.0,2338.0,32997100.0
2024-10-14,01110,2335.0,2336.0,2328.0,2329.0,34385900.0,80153533000.0,1.0,2335.0,2336.0,2328.0,2329.0,34385900.0
2024-10-15,01110,2329.0,2336.0,2321.0,2328.0,40103200.0,93373617000.0,1.0,2329.0,2336.0,2321.0,2328.0,40103200.0
2024-10-16,01110,2328.0,2357.0,2325.0,2354.0,26135600.0,61296694000.0,1.0,2328.0,2357.0,2325.0,2354.0,26135600.0
2024-10-17,01110,2353.0,2358.0,2319.0,2324.0,15717900.0,36680339000.0,1.0,2353.0,2358.0,2319.0,2324.0,15717900.0
2024-10-18,01110,2323.0,2324.0,2316.0,2317.0,31039400.0,71980369000.0,1.0,2323.0,2324.0,2316.0,2317.0,31039400.0
2024-10-21,01110,2317.0,2351.0,2317.0,2351.0,28430300.0,66517425000.0,1.0,2317.0,2351.0,2317.0,2351.0,28430300.0
2024-10-22,01110,2350.0,2356.0,2308.0,2314.0,22029500.0,51240617000.0,1.0,2350.0,2356.0,2308.0,2314.0,22029500.0
2024-10-23,01110,2312.0,2313.0,2310.0,2311.0,39642500.0,91627032000.0,1.0,2312.0,2313.0,2310.0,2311.0,39642500.0
2024-10-24,01110,2311.0,2315.0,2294.0,2298.0,26479500.0,60964636000.0,1.0,2311.0,2315.0,2294.0,2298.0,26479500.0
2024-10-25,01110,2298.0,2303.0,2242.0,2246.0,31883800.0,72174295000.0,1.0,2298.0,2303.0,2242.0,2246.0,31883800.0
2024-10-28,01110,2242.0,2249.0,2235.0,2242.0,30108200.0,67502584000.0,1.0,2242.0,2249.0,2235.0,2242.0,30108200.0
2024-10-29,01110,2243.0,2285.0,2240.0,2282.0,35452300.0,80441269000.0,1.0,2243.0,2285.0,2240.0,2282.0,35452300.0
2024-10-30,01110,2282.0,2373.0,2275.0,2366.0,37708100.0,88161538000.0,1.0,2282.0,2373.0,2275.0,2366.0,37708100.0
2024-10-31,01110,2369.0,2370.0,2311.0,2312.0,23861600.0,55621390000.0,1.0,2369.0,2370.0,2311.0,2312.0,23861600.0
2024-11-01,01110,2311.0,2348.0,2310.0,2347.0,33802900.0,78929772000.0,1.0,2311.0,2348.0,2310.0,2347.0,33802900.0
2024-11-04,01110,2344.0,2391.0,2342.0,2389.0,41320600.0,98095104000.0,1.0,2344.0,2391.0,2342.0,2389.0,41320600.0
2024-11-05,01110,2387.0,2437.0,2386.0,2436.0,39590700.0,95796297000.0,1.0,2387.0,2437.0,2386.0,2436.0,39590700.0
2024-11-06,01110,2439.0,2444.0,2415.0,2420.0,39164100.0,95025161000.0,1.0,2439.0,2444.0,2415.0,2420.0,39164100.0
2024-11-07,01110,2421.0,2436.0,2417.0,2432.0,14867000.0,36102032000.0,1.0,2421.0,2436.0,2417.0,2432.0,14867000.0
2024-11-08,01110,2432.0,2436.0,2405.0,2409.0,23904800.0,57769933000.0,1.0,2432.0,2436.0,2405.0,2409.0,23904800.0
2024-11-11,01110,2406.0,2434.0,2403.0,2431.0,28575100.0,69227942000.0,1.0,2406.0,2434.0,2403.0,2431.0,28575100.0
2024-11-12,01110,2430.0,2482.0,2426.0,2478.0,27353300.0,67343825000.0,1.0,2430.0,2482.0,2426.0,2478.0,27353300.0
2024-11-13,01110,2478.0,2489.0,2458.0,2469.0,23604000.0,58349088000.0,1.0,2478.0,2489.0,2458.0,2469.0,23604000.0
2024-11-14,01110,2470.0,2480.0,2468.0,2478.0,30134200.0,74592190000.0,1.0,2470.0,2480.0,2468.0,2478.0,30134200.0
2024-11-15,01110,2477.0,2517.0,2473.0,2513.0,72161900.0,180476912000.0,1.0,2477.0,2517.0,2473.0,2513.0,72161900.0
2024-11-18,01110,2516.0,2546.0,2512.0,2542.0,25432400.0,64428747000.0,1.0,2516.0,2546.0,2512.0,2542.0,25432400.0
2024-11-19,01110,2541.0,2546.0,2511.0,2516.0,26750500.0,67527179000.0,1.0,2541.0,2546.0,2511.0,2516.0,26750500.0
2024-11-20,01110,2519.0,2581.0,2510.0,2572.0,40381600.0,103148067000.0,1.0,2519.0,2581.0,2510.0,2572.0,40381600.0
2024-11-21,01110,2568.0,2598.0,2562.0,2592.0,17206700.0,44462113000.0,1.0,2568.0,2598.0,2562.0,2592.0,17206700.0
2024-11-22,01110,2594.0,2607.0,2586.0,2599.0,21621100.0,56157204000.0,1.0,2594.0,2607.0,2586.0,2599.0,21621100.0
2024-11-25,01110,2598.0,2604.0,2595.0,2601.0,19891500.0,51717900000.0,1.0,2598.0,2604.0,2595.0,2601.0,19891500.0
2024-11-26,01110,2596.0,2632.0,2595.0,2631.0,30283200.0,79321795000.0,1.0,2596.0,2632.0,2595.0,2631.0,30283200.0
2024-11-27,01110,2633.0,2680.0,2628.0,2675.0,21368900.0,56862643000.0,1.0,2633.0,2680.0,2628.0,2675.0,21368900.0
2024-11-28,01110,2673.0,2679.0,2616.0,2622.0,26166500.0,69053394000.0,1.0,2673.0,2679.0,2616.0,2622.0,26166500.0
2024-11-29,01110,2625.0,2627.0,2584.0,2586.0,18864300.0,49028316000.0,1.0,2625.0,2627.0,2584.0,2586.0,18864300.0
2024-12-02,01110,2583.0,2584.0,2515.0,2516.0,31581000.0,80163105000.0,1.0,2583.0,2584.0,2515.0,2516.0,31581000.0
2024-12-03,01110,2516.0,2536.0,2515.0,2535.0,49926500.0,126247476000.0,1.0,2516.0,2536.0,2515.0,2535.0,49926500.0
2024-12-04,01110,2536.0,2554.0,2533.0,2551.0,28106200.0,71558385000.0,1.0,2536.0,2554.0,2533.0,2551.0,28106200.0
2024-12-05,01110,2547.0,2554.0,2530.0,2537.0,24899400.0,63252776000.0,1.0,2547.0,2554.0,2530.0,2537.0,24899400.0
2024-12-06,01110,2536.0,2545.0,2485.0,2494.0,29068100.0,72902795000.0,1.0,2536.0,2545.0,2485.0,2494.0,29068100.0
2024-12-09,01110,2495.0,2552.0,2490.0,2547.0,27697700.0,70065948000.0,1.0,2495.0,2552.0,2490.0,2547.0,27697700.0
2024-12-10,01110,2545.0,2628.0,2531.0,2614.0,40628400.0,105268184000.0,1.0,2545.0,2628.0,2531.0,2614.0,40628400.0
2024-12-11,01110,2612.0,2683.0,2610.0,2681.0,51506200.0,136903480000.0,1.0,2612.0,2683.0,2610.0,2681.0,51506200.0
2024-12-12,01110,2683.0,2687.0,2680.0,2684.0,20411500.0,54777662000.0,1.0,2683.0,2687.0,2680.0,2684.0,20411500.0
2024-12-13,01110,2692.0,2698.0,2685.0,2691.0,32963300.0,88715228000.0,1.0,2692.0,2698.0,2685.0,2691.0,32963300.0
2024-12-16,01110,2689.0,2702.0,2685.0,2698.0,62164400.0,167533058000.0,1.0,2689.0,2702.0,2685.0,2698.0,62164400.0
2024-12-17,01110,2699.0,2712.0,2680.0,2692.0,37433600.0,100871074000.0,1.0,2699.0,2712.0,2680.0,2692.0,37433600.0
2024-12-18,01110,2690.0,2693.0,2638.0,2641.0,19178700.0,50964199000.0,1.0,2690.0,2693.0,2638.0,2641.0,19178700.0
2024-12-19,01110,2645.0,2651.0,2610.0,2616.0,46906800.0,123161621000.0,1.0,2645.0,2651.0,2610.0,2616.0,46906800.0
2024-12-20,01110,2615.0,2656.0,2610.0,2651.0,23212700.0,61258315000.0,1.0,2615.0,2656.0,2610.0,2651.0,23212700.0
2024-12-23,01110,2652.0,2662.0,2642.0,2652.0,23322900.0,61852331000.0,1.0,2652.0,2662.0,2642.0,2652.0,23322900.0
2024-12-24,01110,2655.0,2664.0,2623.0,2632.0,26357100.0,69573958000.0,1.0,2655.0,2664.0,2623.0,2632.0,26357100.0
2024-12-25,01110,2629.0,2632.0,2620.0,2623.0,21711000.0,56991375000.0,1.0,2629.0,2632.0,2620.0,2623.0,21711000.0
2024-12-26,01110,2625.0,2702.0,2621.0,2698.0,30823300.0,82411230000.0,1.0,2625.0,2702.0,2621.0,2698.0,30823300.0
2024-12-27,01110,2697.0,2772.0,2688.0,2763.0,32453500.0,88955044000.0,1.0,2697.0,2772.0,2688.0,2763.0,32453500.0
2024-12-30,01110,2758.0,2817.0,2754.0,2813.0,36595300.0,102271665000.0,1.0,2758.0,2817.0,2754.0,2813.0,36595300.0
2025-01-06,01110,2811.0,2822.0,2811.0,2822.0,33348100.0,93986062000.0,1.0,2811.0,2822.0,2811.0,2822.0,33348100.0
2025-01-07,01110,2822.0,2831.0,2761.0,2769.0,32407800.0,90320539000.0,1.0,2822.0,2831.0,2761.0,2769.0,32407800.0
2025-01-08,01110,2767.0,2780.0,2765.0,2778.0,32813500.0,91035587000.0,1.0,2767.0,2780.0,2765.0,2778.0,32813500.0
2025-01-09,01110,2780.0,2784.0,2761.0,2765.0,39895200.0,110509704000.0,1.0,2780.0,2784.0,2761.0,2765.0,39895200.0
2025-01-10,01110,2764.0,2796.0,2761.0,2793.0,33419700.0,93018165000.0,1.0,2764.0,2796.0,2761.0,2793.0,33419700.0
2025-01-13,01110,2794.0,2843.0,2791.0,2840.0,18953400.0,53537037000.0,1.0,2794.0,2843.0,2791.0,2840.0,18953400.0
2025-01-14,01110,2841.0,2845.0,2806.0,2810.0,19027000.0,53662482000.0,1.0,2841.0,2845.0,2806.0,2810.0,19027000.0
2025-01-15,01110,2816.0,2877.0,2809.0,2870.0,22993700.0,65578032000.0,1.0,2816.0,2877.0,2809.0,2870.0,22993700.0
2025-01-16,01110,2872.0,2876.0,2870.0,2874.0,27589900.0,79274979000.0,1.0,2872.0,2876.0,2870.0,2874.0,27589900.0
2025-01-17,01110,2872.0,2893.0,2858.0,2879.0,31578000.0,90839380000.0,1.0,2872.0,2893.0,2858.0,2879.0,31578000.0
2025-01-20,01110,2884.0,2887.0,2851.0,2854.0,12846100.0,36791230000.0,1.0,2884.0,2887.0,2851.0,2854.0,12846100.0
2025-01-21,01110,2854.0,2863.0,2837.0,2846.0,28606800.0,81491238000.0,1.0,2854.0,2863.0,2837.0,2846.0,28606800.0
2025-01-22,01110,2847.0,2857.0,2841.0,2851.0,34771400.0,99086900000.0,1.0,2847.0,2857.0,2841.0,2851.0,34771400.0
2025-01-23,01110,2848.0,2854.0,2837.0,2843.0,39208900.0,111536251000.0,1.0,2848.0,2854.0,2837.0,2843.0,39208900.0
2025-01-24,01110,2842.0,2844.0,2827.0,2829.0,26508500.0,75107417000.0,1.0,2842.0,2844.0,2827.0,2829.0,26508500.0
2025-01-27,01110,2830.0,2835.0,2807.0,2812.0,25726100.0,72496150000.0,1.0,2830.0,2835.0,2807.0,2812.0,25726100.0
2025-01-28,01110,2808.0,2908.0,2806.0,2906.0,34527700.0,99209591000.0,1.0,2808.0,2908.0,2806.0,2906.0,34527700.0
2025-01-29,01110,2905.0,2909.0,2894.0,2898.0,42877300.0,124358462000.0,1.0,2905.0,2909.0,2894.0,2898.0,42877300.0
2025-01-30,01110,2898.0,2939.0,2893.0,2934.0,39453000.0,115281666000.0,1.0,2898.0,2939.0,2893.0,2934.0,39453000.0
2025-01-31,01110,2932.0,2940.0,2930.0,2938.0,29501400.0,86616110000.0,1.0,2932.0,2940.0,2930.0,2938.0,29501400.0
2025-02-03,01110,2942.0,2945.0,2802.0,2805.0,33319900.0,94983928000.0,1.0,2942.0,2945.0,2802.0,2805.0,33319900.0
2025-02-04,01110,2810.0,2954.0,2805.0,2949.0,34474300.0,100067401000.0,1.0,2810.0,2954.0,2805.0,2949.0,34474300.0
2025-02-05,01110,2945.0,2954.0,2941.0,2950.0,23908700.0,70490817000.0,1.0,2945.0,2954.0,2941.0,2950.0,23908700.0
2025-02-06,01110,2944.0,2944.0,2925.0,2925.0,18942400.0,55526489000.0,1.0,2944.0,2944.0,2925.0,2925.0,18942400.0
2025-02-07,01110,2921.0,2991.0,2918.0,2988.0,20254300.0,60067502000.0,1.0,2921.0,2991.0,2918.0,2988.0,20254300.0
2025-02-10,01110,2992.0,3062.0,2990.0,3060.0,33812900.0,102701048000.0,1.0,2992.0,3062.0,2990.0,3060.0,33812900.0
2025-02-11,01110,3056.0,3058.0,3032.0,3034.0,37681500.0,114602002000.0,1.0,3056.0,3058.0,3032.0,3034.0,37681500.0
2025-02-12,01110,3033.0,3034.0,2993.0,2994.0,18477500.0,55561842000.0,1.0,3033.0,3034.0,2993.0,2994.0,18477500.0
2025-02-13,01110,2998.0,3009.0,2942.0,2953.0,42835600.0,127136061000.0,1.0,2998.0,3009.0,2942.0,2953.0,42835600.0
2025-02-14,01110,2955.0,2984.0,2941.0,2970.0,33103200.0,98150988000.0,1.0,2955.0,2984.0,2941.0,2970.0,33103200.0
2025-02-17,01110,2973.0,2986.0,2966.0,2979.0,28241700.0,84075541000.0,1.0,2973.0,2986.0,2966.0,2979.0,28241700.0
2025-02-18,01110,2979.0,3025.0,2971.0,3017.0,24741400.0,74331413000.0,1.0,2979.0,3025.0,2971.0,3017.0,24741400.0
2025-02-19,01110,3024.0,3029.0,3008.0,3013.0,29082000.0,87730700000.0,1.0,3024.0,3029.0,3008.0,3013.0,29082000.0
2025-02-20,01110,3012.0,3018.0,2983.0,2989.0,21465700.0,64325548000.0,1.0,3012.0,3018.0,2983.0,2989.0,21465700.0
2025-02-21,01110,2985.0,2998.0,2983.0,2996.0,49146800.0,147063608000.0,1.0,2985.0,2998.0,2983.0,2996.0,49146800.0
2025-02-24,01110,2996.0,3012.0,2954.0,2969.0,17404300.0,51835807000.0,1.0,2996.0,3012.0,2954.0,2969.0,17404300.0
2025-02-25,01110,2977.0,3004.0,2975.0,3002.0,29200800.0,87417462000.0,1.0,2977.0,3004.0,2975.0,3002.0,29200800.0
2025-02-26,01110,3007.0,3030.0,2999.0,3022.0,21803800.0,65782065000.0,1.0,3007.0,3030.0,2999.0,3022.0,21803800.0
2025-02-27,01110,3021.0,3052.0,3019.0,3050.0,37902500.0,115236234000.0,1.0,3021.0,3052.0,3019.0,3050.0,37902500.0
2025-02-28,01110,3045.0,3076.0,3043.0,3073.0,14966100.0,45856130000.0,1.0,3045.0,3076.0,3043.0,3073.0,14966100.0
2025-03-03,01110,3073.0,3077.0,3050.0,3054.0,22107400.0,67656013000.0,1.0,3073.0,3077.0,3050.0,3054.0,22107400.0
2025-03-04,01110,3056.0,3059.0,2969.0,2972.0,23777900.0,71333700000.0,1.0,3056.0,3059.0,2969.0,2972.0,23777900.0
2025-03-05,01110,2974.0,3035.0,2972.0,3033.0,47069000.0,141834587000.0,1.0,2974.0,3035.0,2972.0,3033.0,47069000.0
2025-03-06,01110,3033.0,3092.0,3029.0,3087.0,38385900.0,117819122000.0,1.0,3033.0,3092.0,3029.0,3087.0,38385900.0
2025-03-07,01110,3084.0,3085.0,3050.0,3051.0,36574100.0,111989894000.0,1.0,3084.0,3085.0,3050.0,3051.0,36574100.0
2025-03-10,01110,3049.0,3099.0,3046.0,3096.0,21697200.0,66834608000.0,1.0,3049.0,3099.0,3046.0,3096.0,21697200.0
2025-03-11,01110,3097.0,3115.0,3087.0,3105.0,48278400.0,149775690000.0,1.0,3097.0,3115.0,3087.0,3105.0,48278400.0
2025-03-12,01110,3109.0,3118.0,3093.0,3102.0,23693700.0,73553143000.0,1.0,3109.0,3118.0,3093.0,3102.0,23693700.0
2025-03-13,01110,3105.0,3108.0,3100.0,3103.0,32155900.0,99801195000.0,1.0,3105.0,3108.0,3100.0,3103.0,32155900.0
2025-03-14,01110,3102.0,3103.0,3062.0,3063.0,35810600.0,110153406000.0,1.0,3102.0,3103.0,3062.0,3063.0,35810600.0
2025-03-17,01110,3062.0,3066.0,3053.0,3057.0,27564800.0,84311535000.0,1.0,3062.0,3066.0,3053.0,3057.0,27564800.0
2025-03-18,01110,3061.0,3064.0,3058.0,3061.0,25811600.0,79009308000.0,1.0,3061.0,3064.0,3058.0,3061.0,25811600.0
2025-03-19,01110,3064.0,3085.0,3050.0,3071.0,30108300.0,92392337000.0,1.0,3064.0,3085.0,3050.0,3071.0,30108300.0
2025-03-20,01110,3073.0,3084.0,3031.0,3042.0,12777100.0,38999968000.0,1.0,3073.0,3084.0,3031.0,3042.0,12777100.0
2025-03-21,01110,3035.0,3067.0,3029.0,3061.0,43275900.0,132092472000.0,1.0,3035.0,3067.0,3029.0,3061.0,43275900.0
2025-03-24,01110,3057.0,3058.0,3033.0,3034.0,25536600.0,77673825000.0,1.0,3057.0,3058.0,3033.0,3034.0,25536600.0
2025-03-25,01110,3036.0,3037.0,3009.0,3010.0,24065200.0,72644817000.0,1.0,3036.0,3037.0,3009.0,3010.0,24065200.0
2025-03-26,01110,3013.0,3016.0,3012.0,3015.0,57131500.0,172213385000.0,1.0,3013.0,3016.0,3012.0,3015.0,57131500.0
2025-03-27,01110,3016.0,3019.0,2990.0,2993.0,34817600.0,104476012000.0,1.0,3016.0,3019.0,2990.0,2993.0,34817600.0
2025-03-28,01110,2993.0,2994.0,2944.0,2945.0,37257500.0,110319458000.0,1.0,2993.0,2994.0,2944.0,2945.0,37257500.0
2025-03-31,01110,2945.0,2955.0,2911.0,2921.0,40472400.0,118543660000.0,1.0,2945.0,2955.0,2911.0,2921.0,40472400.0
2025-04-01,01110,2922.0,2923.0,2888.0,2889.0,48901200.0,141813480000.0,1.0,2922.0,2923.0,2888.0,2889.0,48901200.0
2025-04-02,01110,2885.0,2900.0,2881.0,2896.0,19612100.0,56724731000.0,1.0,2885.0,2900.0,2881.0,2896.0,19612100.0
2025-04-03,01110,2894.0,2930.0,2892.0,2928.0,69428500.0,202499792000.0,1.0,2894.0,2930.0,2892.0,2928.0,69428500.0
2025-04-04,01110,2930.0,2960.0,2926.0,2956.0,35356900.0,104208570000.0,1.0,2930.0,2960.0,2926.0,2956.0,35356900.0
2025-04-07,01110,2955.0,2955.0,2925.0,2925.0,19347200.0,56784032000.0,1.0,2955.0,2955.0,2925.0,2925.0,19347200.0
2025-04-08,01110,2925.0,2930.0,2904.0,2909.0,31659300.0,92265753000.0,1.0,2925.0,2930.0,2904.0,2909.0,31659300.0
2025-04-09,01110,2909.0,2924.0,2907.0,2922.0,50698400.0,147921032000.0,1.0,2909.0,2924.0,2907.0,2922.0,50698400.0
2025-04-10,01110,2923.0,2936.0,2836.0,2848.0,22922600.0,65864271000.0,1.0,2923.0,2936.0,2836.0,2848.0,22922600.0
2025-04-11,01110,2846.0,2891.0,2843.0,2888.0,30881100.0,88752281000.0,1.0,2846.0,2891.0,2843.0,2888.0,30881100.0
2025-04-14,01110,2885.0,2948.0,2882.0,2945.0,23860700.0,69792548000.0,1.0,2885.0,2948.0,2882.0,2945.0,23860700.0
2025-04-15,01110,2946.0,2980.0,2944.0,2978.0,12465900.0,36990481000.0,1.0,2946.0,2980.0,2944.0,2978.0,12465900.0
2025-04-16,01110,2973.0,2976.0,2873.0,2876.0,23317000.0,67813608000.0,1.0,2973.0,2976.0,2873.0,2876.0,23317000.0
2025-04-17,01110,2876.0,2893.0,2872.0,2889.0,21633800.0,62406302000.0,1.0,2876.0,2893.0,2872.0,2889.0,21633800.0
2025-04-18,01110,2885.0,2890.0,2801.0,2805.0,22350100.0,63295483000.0,1.0,2885.0,2890.0,2801.0,2805.0,22350100.0
2025-04-21,01110,2808.0,2849.0,2806.0,2847.0,44495500.0,126100247000.0,1.0,2808.0,2849.0,2806.0,2847.0,44495500.0
2025-04-22,01110,2854.0,2855.0,2749.0,2750.0,27936100.0,77792726000.0,1.0,2854.0,2855.0,2749.0,2750.0,27936100.0
2025-04-23,01110,2747.0,2750.0,2686.0,2689.0,41122900.0,111374521000.0,1.0,2747.0,2750.0,2686.0,2689.0,41122900.0
2025-04-24,01110,2691.0,2713.0,2683.0,2705.0,38193300.0,103134641000.0,1.0,2691.0,2713.0,2683.0,2705.0,38193300.0
2025-04-25,01110,2704.0,2710.0,2638.0,2644.0,23587800.0,62837899000.0,1.0,2704.0,2710.0,2638.0,2644.0,23587800.0
2025-04-28,01110,2642.0,2648.0,2525.0,2530.0,24355900.0,62537833000.0,1.0,2642.0,2648.0,2525.0,2530.0,24355900.0
2025-04-29,01110,2529.0,2534.0,2481.0,2486.0,21916900.0,54799556000.0,1.0,2529.0,2534.0,2481.0,2486.0,21916900.0
2025-04-30,01110,2487.0,2504.0,2487.0,2504.0,44776000.0,111865373000.0,1.0,2487.0,2504.0,2487.0,2504.0,44776000.0
2025-05-01,01110,2506.0,2509.0,2454.0,2457.0,17100500.0,42295237000.0,1.0,2506.0,2509.0,2454.0,2457.0,17100500.0
2025-05-02,01110,2455.0,2462.0,2407.0,2414.0,18557000.0,45050210000.0,1.0,2455.0,2462.0,2407.0,2414.0,18557000.0
2025-05-05,01110,2412.0,2425.0,2408.0,2421.0,33449800.0,80881616000.0,1.0,2412.0,2425.0,2408.0,2421.0,33449800.0
2025-05-06,01110,2424.0,2428.0,2417.0,2421.0,25542700.0,61864419000.0,1.0,2424.0,2428.0,2417.0,2421.0,25542700.0
2025-05-07,01110,2424.0,2470.0,2424.0,2470.0,52452400.0,128753158000.0,1.0,2424.0,2470.0,2424.0,2470.0,52452400.0
2025-05-08,01110,2467.0,2513.0,2458.0,2504.0,21101200.0,52577157000.0,1.0,2467.0,2513.0,2458.0,2504.0,21101200.0
2025-05-09,01110,2503.0,2505.0,2488.0,2490.0,29015900.0,72375327000.0,1.0,2503.0,2505.0,2488.0,2490.0,29015900.0
2025-05-12,01110,2493.0,2496.0,2459.0,2462.0,30265100.0,74825416000.0,1.0,2493.0,2496.0,2459.0,2462.0,30265100.0
2025-05-13,01110,2467.0,2509.0,2463.0,2505.0,19579700.0,48799139000.0,1.0,2467.0,2509.0,2463.0,2505.0,19579700.0
2025-05-14,01110,2506.0,2510.0,2473.0,2477.0,28449000.0,70743180000.0,1.0,2506.0,2510.0,2473.0,2477.0,28449000.0
2025-05-15,01110,2478.0,2478.0,2434.0,2434.0,31533500.0,77215030000.0,1.0,2478.0,2478.0,2434.0,2434.0,31533500.0
2025-05-16,01110,2432.0,2454.0,2431.0,2453.0,27757600.0,67895090000.0,1.0,2432.0,2454.0,2431.0,2453.0,27757600.0
2025-05-19,01110,2456.0,2470.0,2415.0,2429.0,24807700.0,60481173000.0,1.0,2456.0,2470.0,2415.0,2429.0,24807700.0
2025-05-20,01110,2430.0,2436.0,2363.0,2369.0,56994100.0,136177903000.0,1.0,2430.0,2436.0,2363.0,2369.0,56994100.0
2025-05-21,01110,2368.0,2395.0,2366.0,2393.0,27909900.0,66555808000.0,1.0,2368.0,2395.0,2366.0,2393.0,27909900.0
2025-05-22,01110,2393.0,2429.0,2392.0,2428.0,23017000.0,55616744000.0,1.0,2393.0,2429.0,2392.0,2428.0,23017000.0
2025-05-23,01110,2433.0,2435.0,2379.0,2381.0,32018000.0,76789837000.0,1.0,2433.0,2435.0,2379.0,2381.0,32018000.0
2025-05-26,01110,2385.0,2396.0,2357.0,2368.0,39748000.0,94348503000.0,1.0,2385.0,2396.0,2357.0,2368.0,39748000.0
2025-05-27,01110,2372.0,2383.0,2339.0,2350.0,21071900.0,49673492000.0,1.0,2372.0,2383.0,2339.0,2350.0,21071900.0
2025-05-28,01110,2348.0,2351.0,2341.0,2344.0,19902800.0,46678700000.0,1.0,2348.0,2351.0,2341.0,2344.0,19902800.0
2025-05-29,01110,2341.0,2346.0,2322.0,2327.0,38792900.0,90452112000.0,1.0,2341.0,2346.0,2322.0,2327.0,38792900.0
2025-05-30,01110,2323.0,2325.0,2271.0,2272.0,28375400.0,64960749000.0,1.0,2323.0,2325.0,2271.0,2272.0,28375400.0
2025-06-02,01110,2273.0,2273.0,2273.0,2273.0,50512400.0,114814685000.0,1.0,2273.0,2273.0,2273.0,2273.0,50512400.0
2025-06-03,01110,2270.0,2274.0,2258.0,2262.0,53503200.0,121166914000.0,1.0,2270.0,2274.0,2258.0,2262.0,53503200.0
2025-06-04,01110,2260.0,2269.0,2258.0,2267.0,25753600.0,58323319000.0,1.0,2260.0,2269.0,2258.0,2267.0,25753600.0
2025-06-05,01110,2270.0,2293.0,2268.0,2291.0,25287200.0,57755965000.0,1.0,2270.0,2293.0,2268.0,2291.0,25287200.0
2025-06-06,01110,2287.0,2323.0,2286.0,2322.0,29070500.0,67162545000.0,1.0,2287.0,2323.0,2286.0,2322.0,29070500.0
2025-06-09,01110,2323.0,2349.0,2312.0,2338.0,31142100.0,72654519000.0,1.0,2323.0,2349.0,2312.0,2338.0,31142100.0
2025-06-10,01110,2335.0,2339.0,2238.0,2242.0,38514800.0,87544140000.0,1.0,2335.0,2339.0,2238.0,2242.0,38514800.0
2025-06-11,01110,2242.0,2242.0,2206.0,2206.0,29817300.0,66134771000.0,1.0,2242.0,2242.0,2206.0,2206.0,29817300.0
2025-06-12,01110,2211.0,2211.0,2209.0,2209.0,37868300.0,83676320000.0,1.0,2211.0,2211.0,2209.0,2209.0,37868300.0
2025-06-13,01110,2210.0,2244.0,2205.0,2239.0,33315700.0,74271801000.0,1.0,2210.0,2244.0,2205.0,2239.0,33315700.0
2025-06-16,01110,2238.0,2239.0,2202.0,2203.0,15579500.0,34503399000.0,1.0,2238.0,2239.0,2202.0,2203.0,15579500.0
2025-06-17,01110,2203.0,2206.0,2173.0,2176.0,19631600.0,42895046000.0,1.0,2203.0,2206.0,2173.0,2176.0,19631600.0
2025-06-18,01110,2176.0,2241.0,2173.0,2238.0,51088000.0,113279125000.0,1.0,2176.0,2241.0,2173.0,2238.0,51088000.0
2025-06-19,01110,2237.0,2239.0,2146.0,2148.0,34027300.0,74100117000.0,1.0,2237.0,2239.0,2146.0,2148.0,34027300.0
2025-06-20,01110,2144.0,2145.0,2136.0,2137.0,21340900.0,45655299000.0,1.0,2144.0,2145.0,2136.0,2137.0,21340900.0
2025-06-23,01110,2135.0,2137.0,2113.0,2115.0,64253500.0,136324509000.0,1.0,2135.0,2137.0,2113.0,2115.0,64253500.0
2025-06-24,01110,2118.0,2127.0,2092.0,2101.0,48025600.0,101173931000.0,1.0,2118.0,2127.0,2092.0,2101.0,48025600.0
2025-06-25,01110,2104.0,2108.0,2085.0,2089.0,18230700.0,38175086000.0,1.0,2104.0,2108.0,2085.0,2089.0,18230700.0
2025-06-26,01110,2090.0,2115.0,2087.0,2112.0,28682100.0,60366260000.0,1.0,2090.0,2115.0,2087.0,2112.0,28682100.0
2025-06-27,01110,2112.0,2147.0,2110.0,2145.0,33445400.0,71372484000.0,1.0,2112.0,2147.0,2110.0,2145.0,33445400.0
2025-06-30,01110,2146.0,2254.0,2146.0,2254.0,26738600.0,59306215000.0,1.0,2146.0,2254.0,2146.0,2254.0,26738600.0
2025-07-01,01110,2255.0,2322.0,2253.0,2320.0,21739800.0,49965307000.0,1.0,2255.0,2322.0,2253.0,2320.0,21739800.0
2025-07-02,01110,2321.0,2324.0,2316.0,2319.0,38569700.0,89468847000.0,1.0,2321.0,2324.0,2316.0,2319.0,38569700.0
2025-07-03,01110,2323.0,2333.0,2319.0,2329.0,27677900.0,64406473000.0,1.0,2323.0,2333.0,2319.0,2329.0,27677900.0
2025-07-04,01110,2332.0,2375.0,2326.0,2369.0,27714000.0,65312660000.0,1.0,2332.0,2375.0,2326.0,2369.0,27714000.0
2025-07-07,01110,2368.0,2474.0,2368.0,2474.0,55006800.0,134143250000.0,1.0,2368.0,2474.0,2368.0,2474.0,55006800.0
2025-07-08,01110,2472.0,2476.0,2464.0,2468.0,29644000.0,73200917000.0,1.0,2472.0,2476.0,2464.0,2468.0,29644000.0
2025-07-09,01110,2463.0,2494.0,2454.0,2485.0,20669300.0,51211636000.0,1.0,2463.0,2494.0,2454.0,2485.0,20669300.0
2025-07-10,01110,2483.0,2488.0,2473.0,2478.0,29089700.0,72132759000.0,1.0,2483.0,2488.0,2473.0,2478.0,29089700.0
2025-07-11,01110,2478.0,2537.0,2469.0,2527.0,37467400.0,94080641000.0,1.0,2478.0,2537.0,2469.0,2527.0,37467400.0
2025-07-14,01110,2527.0,2533.0,2468.0,2474.0,47449500.0,118228338000.0,1.0,2527.0,2533.0,2468.0,2474.0,47449500.0
2025-07-15,01110,2474.0,2482.0,2473.0,2481.0,34706100.0,86024853000.0,1.0,2474.0,2482.0,2473.0,2481.0,34706100.0
2025-07-16,01110,2482.0,2484.0,2428.0,2430.0,17236600.0,42183706000.0,1.0,2482.0,2484.0,2428.0,2430.0,17236600.0
2025-07-17,01110,2433.0,2448.0,2427.0,2442.0,20709500.0,50510470000.0,1.0,2433.0,2448.0,2427.0,2442.0,20709500.0
2025-07-18,01110,2438.0,2487.0,2425.0,2474.0,24736500.0,60901263000.0,1.0,2438.0,2487.0,2425.0,2474.0,24736500.0
2025-07-21,01110,2472.0,2473.0,2459.0,2460.0,23003900.0,56681610000.0,1.0,2472.0,2473.0,2459.0,2460.0,23003900.0
2025-07-22,01110,2458.0,2460.0,2450.0,2452.0,36491300.0,89549650000.0,1.0,2458.0,2460.0,2450.0,2452.0,36491300.0
2025-07-23,01110,2454.0,2500.0,2452.0,2498.0,22111100.0,54909232000.0,1.0,2454.0,2500.0,2452.0,2498.0,22111100.0
2025-07-24,01110,2503.0,2503.0,2495.0,2495.0,42848600.0,107021520000.0,1.0,2503.0,2503.0,2495.0,2495.0,42848600.0
2025-07-25,01110,2496.0,2520.0,2495.0,2519.0,46129900.0,115847556000.0,1.0,2496.0,2520.0,2495.0,2519.0,46129900.0
2025-07-28,01110,2520.0,2532.0,2498.0,2510.0,29787100.0,74864911000.0,1.0,2520.0,2532.0,2498.0,2510.0,29787100.0
2025-07-29,01110,2509.0,2510.0,2473.0,2474.0,17825800.0,44308997000.0,1.0,2509.0,2510.0,2473.0,2474.0,17825800.0
2025-07-30,01110,2472.0,2476.0,2455.0,2459.0,38873500.0,95758388000.0,1.0,2472.0,2476.0,2455.0,2459.0,38873500.0
2025-07-31,01110,2457.0,2545.0,2456.0,2544.0,34804000.0,87532060000.0,1.0,2457.0,2545.0,2456.0,2544.0,34804000.0
2025-08-01,01110,2548.0,2560.0,2522.0,2534.0,26977200.0,68486118000.0,1.0,2548.0,2560.0,2522.0,2534.0,26977200.0
2025-08-04,01110,2534.0,2539.0,2533.0,2538.0,25923400.0,65759025000.0,1.0,2534.0,2539.0,2533.0,2538.0,25923400.0
2025-08-05,01110,2538.0,2594.0,2533.0,2589.0,26986600.0,69409535000.0,1.0,2538.0,2594.0,2533.0,2589.0,26986600.0
2025-08-06,01110,2591.0,2608.0,2589.0,2606.0,23399700.0,60862620000.0,1.0,2591.0,2608.0,2589.0,2606.0,23399700.0
2025-08-07,01110,2606.0,2642.0,2594.0,2630.0,25732600.0,67470877000.0,1.0,2606.0,2642.0,2594.0,2630.0,25732600.0
2025-08-08,01110,2633.0,2739.0,2625.0,2730.0,38881900.0,104903366000.0,1.0,2633.0,2739.0,2625.0,2730.0,38881900.0
2025-08-11,01110,2730.0,2783.0,2719.0,2772.0,24891200.0,68649930000.0,1.0,2730.0,2783.0,2719.0,2772.0,24891200.0
2025-08-12,01110,2773.0,2777.0,2734.0,2738.0,47403000.0,130342449000.0,1.0,2773.0,2777.0,2734.0,2738.0,47403000.0
2025-08-13,01110,2740.0,2781.0,2729.0,2770.0,19455000.0,53695800000.0,1.0,2740.0,2781.0,2729.0,2770.0,19455000.0
2025-08-14,01110,2768.0,2773.0,2741.0,2746.0,48786800.0,134326323000.0,1.0,2768.0,2773.0,2741.0,2746.0,48786800.0
2025-08-15,01110,2745.0,2745.0,2732.0,2732.0,38310500.0,104830298000.0,1.0,2745.0,2745.0,2732.0,2732.0,38310500.0
2025-08-18,01110,2734.0,2785.0,2730.0,2781.0,32370300.0,89514670000.0,1.0,2734.0,2785.0,2730.0,2781.0,32370300.0
2025-08-19,01110,2781.0,2796.0,2771.0,2786.0,24895100.0,69316257000.0,1.0,2781.0,2796.0,2771.0,2786.0,24895100.0
2025-08-20,01110,2785.0,2787.0,2772.0,2774.0,19928000.0,55353341000.0,1.0,2785.0,2787.0,2772.0,2774.0,19928000.0
2025-08-21,01110,2774.0,2776.0,2749.0,2751.0,44950700.0,124003998000.0,1.0,2774.0,2776.0,2749.0,2751.0,44950700.0
2025-08-22,01110,2758.0,2761.0,2756.0,2759.0,27433600.0,75680158000.0,1.0,2758.0,2761.0,2756.0,2759.0,27433600.0
2025-08-25,01110,2759.0,2767.0,2740.0,2748.0,20444000.0,56255073000.0,1.0,2759.0,2767.0,2740.0,2748.0,20444000.0
2025-08-26,01110,2746.0,2798.0,2741.0,2793.0,34100000.0,94707067000.0,1.0,2746.0,2798.0,2741.0,2793.0,34100000.0
2025-08-27,01110,2794.0,2809.0,2789.0,2804.0,19646600.0,55023578000.0,1.0,2794.0,2809.0,2789.0,2804.0,19646600.0
2025-08-28,01110,2809.0,2814.0,2793.0,2798.0,33733600.0,94510303000.0,1.0,2809.0,2814.0,2793.0,2798.0,33733600.0
2025-08-29,01110,2798.0,2945.0,2795.0,2942.0,32268500.0,93385039000.0,1.0,2798.0,2945.0,2795.0,2942.0,32268500.0
2025-09-01,01110,2941.0,2962.0,2937.0,2958.0,58604700.0,173020609000.0,1.0,2941.0,2962.0,2937.0,2958.0,58604700.0
2025-09-02,01110,2957.0,2961.0,2922.0,2926.0,11714900.0,34398851000.0,1.0,2957.0,2961.0,2922.0,2926.0,11714900.0
2025-09-03,01110,2922.0,2935.0,2857.0,2870.0,36937400.0,106650586000.0,1.0,2922.0,2935.0,2857.0,2870.0,36937400.0
2025-09-04,01110,2870.0,2872.0,2818.0,2820.0,26384300.0,74843464000.0,1.0,2870.0,2872.0,2818.0,2820.0,26384300.0
2025-09-05,01110,2823.0,2831.0,2752.0,2760.0,31169900.0,86683492000.0,1.0,2823.0,2831.0,2752.0,2760.0,31169900.0
2025-09-08,01110,2761.0,2764.0,2754.0,2757.0,31772600.0,87639422000.0,1.0,2761.0,2764.0,2754.0,2757.0,31772600.0
2025-09-09,01110,2757.0,2757.0,2757.0,2757.0,31252700.0,86163694000.0,1.0,2757.0,2757.0,2757.0,2757.0,31252700.0
2025-09-10,01110,2752.0,2789.0,2748.0,2785.0,28921900.0,80229351000.0,1.0,2752.0,2789.0,2748.0,2785.0,28921900.0
2025-09-11,01110,2784.0,2787.0,2738.0,2741.0,32291300.0,88973295000.0,1.0,2784.0,2787.0,2738.0,2741.0,32291300.0
2025-09-12,01110,2738.0,2740.0,2720.0,2722.0,23935900.0,65281178000.0,1.0,2738.0,2740.0,2720.0,2722.0,23935900.0
2025-09-15,01110,2715.0,2722.0,2691.0,2698.0,19917800.0,53851092000.0,1.0,2715.0,2722.0,2691.0,2698.0,19917800.0
2025-09-16,01110,2696.0,2784.0,2684.0,2771.0,19253500.0,52876529000.0,1.0,2696.0,2784.0,2684.0,2771.0,19253500.0
2025-09-17,01110,2773.0,2787.0,2764.0,2778.0,34557800.0,95943972000.0,1.0,2773.0,2787.0,2764.0,2778.0,34557800.0
2025-09-18,01110,2775.0,2803.0,2770.0,2798.0,38647600.0,107839687000.0,1.0,2775.0,2803.0,2770.0,2798.0,38647600.0
2025-09-19,01110,2796.0,2861.0,2785.0,2850.0,33428400.0,94669229000.0,1.0,2796.0,2861.0,2785.0,2850.0,33428400.0
2025-09-22,01110,2855.0,2864.0,2852.0,2861.0,21189300.0,60580209000.0,1.0,2855.0,2864.0,2852.0,2861.0,21189300.0
2025-09-23,01110,2863.0,2866.0,2856.0,2859.0,48221600.0,137929850000.0,1.0,2863.0,2866.0,2856.0,2859.0,48221600.0
2025-09-24,01110,2863.0,2869.0,2835.0,2841.0,23435900.0,66753255000.0,1.0,2863.0,2869.0,2835.0,2841.0,23435900.0
2025-09-25,01110,2845.0,2845.0,2828.0,2828.0,22232100.0,62998361000.0,1.0,2845.0,2845.0,2828.0,2828.0,22232100.0
2025-09-26,01110,2830.0,2833.0,2825.0,2828.0,24674400.0,69795653000.0,1.0,2830.0,2833.0,2825.0,2828.0,24674400.0
2025-09-29,01110,2828.0,2830.0,2816.0,2818.0,34233800.0,96584961000.0,1.0,2828.0,2830.0,2816.0,2818.0,34233800.0
2025-09-30,01110,2819.0,2828.0,2800.0,2809.0,14613100.0,41096908000.0,1.0,2819.0,2828.0,2800.0,2809.0,14613100.0
2025-10-01,01110,2813.0,2901.0,2808.0,2896.0,19578300.0,56157090000.0,1.0,2813.0,2901.0,2808.0,2896.0,19578300.0
2025-10-02,01110,2897.0,2901.0,2832.0,2836.0,54753000.0,156392819000.0,1.0,2897.0,2901.0,2832.0,2836.0,54753000.0
2025-10-03,01110,2836.0,2838.0,2743.0,2745.0,22232500.0,61702598000.0,1.0,2836.0,2838.0,2743.0,2745.0,22232500.0
2025-10-06,01110,2746.0,2767.0,2742.0,2763.0,19768600.0,54508620000.0,1.0,2746.0,2767.0,2742.0,2763.0,19768600.0
2025-10-07,01110,2766.0,2828.0,2764.0,2826.0,20382300.0,57192734000.0,1.0,2766.0,2828.0,2764.0,2826.0,20382300.0
2025-10-08,01110,2825.0,2830.0,2809.0,2814.0,16456000.0,46367523000.0,1.0,2825.0,2830.0,2809.0,2814.0,16456000.0
2025-10-09,01110,2819.0,2854.0,2818.0,2853.0,30566000.0,86858383000.0,1.0,2819.0,2854.0,2818.0,2853.0,30566000.0
2025-10-10,01110,2856.0,2934.0,2854.0,2931.0,26382300.0,76675758000.0,1.0,2856.0,2934.0,2854.0,2931.0,26382300.0
2025-10-13,01110,2929.0,2934.0,2916.0,2921.0,35241100.0,103033229000.0,1.0,2929.0,2934.0,2916.0,2921.0,35241100.0
2025-10-14,01110,2926.0,2942.0,2916.0,2932.0,10364900.0,30369157000.0,1.0,2926.0,2942.0,2916.0,2932.0,10364900.0
2025-10-15,01110,2927.0,2933.0,2889.0,2895.0,38233800.0,111094678000.0,1.0,2927.0,2933.0,2889.0,2895.0,38233800.0
2025-10-16,01110,2888.0,2891.0,2864.0,2867.0,23811500.0,68434251000.0,1.0,2888.0,2891.0,2864.0,2867.0,23811500.0
2025-10-17,01110,2869.0,2878.0,2841.0,2850.0,53117900.0,151722428000.0,1.0,2869.0,2878.0,2841.0,2850.0,53117900.0
2025-10-20,01110,2848.0,2888.0,2845.0,2885.0,15499000.0,44523461000.0,1.0,2848.0,2888.0,2845.0,2885.0,15499000.0
2025-10-21,01110,2883.0,2961.0,2879.0,2956.0,32577000.0,95515764000.0,1.0,2883.0,2961.0,2879.0,2956.0,32577000.0
2025-10-22,01110,2958.0,2993.0,2955.0,2990.0,21630200.0,64443576000.0,1.0,2958.0,2993.0,2955.0,2990.0,21630200.0
2025-10-23,01110,2993.0,2999.0,2944.0,2950.0,20728100.0,61444998000.0,1.0,2993.0,2999.0,2944.0,2950.0,20728100.0
2025-10-24,01110,2957.0,2961.0,2911.0,2915.0,27687400.0,81096395000.0,1.0,2957.0,2961.0,2911.0,2915.0,27687400.0
2025-10-27,01110,2916.0,2928.0,2887.0,2899.0,28955500.0,84106076000.0,1.0,2916.0,2928.0,2887.0,2899.0,28955500.0
2025-10-28,01110,2897.0,2908.0,2890.0,2901.0,15157000.0,43950248000.0,1.0,2897.0,2908.0,2890.0,2901.0,15157000.0
2025-10-29,01110,2903.0,2936.0,2897.0,2930.0,23877200.0,69745301000.0,1.0,2903.0,2936.0,2897.0,2930.0,23877200.0
2025-10-30,01110,2929.0,2931.0,2861.0,2863.0,71979800.0,207661723000.0,1.0,2929.0,2931.0,2861.0,2863.0,71979800.0
2025-10-31,01110,2861.0,2869.0,2809.0,2817.0,24815400.0,70268941000.0,1.0,2861.0,2869.0,2809.0,2817.0,24815400.0
2025-11-03,01110,2820.0,2901.0,2819.0,2900.0,47396800.0,136186805000.0,1.0,2820.0,2901.0,2819.0,2900.0,47396800.0
2025-11-04,01110,2904.0,2926.0,2902.0,2924.0,17959900.0,52395015000.0,1.0,2904.0,2926.0,2902.0,2924.0,17959900.0
2025-11-05,01110,2919.0,2949.0,2915.0,2945.0,29550000.0,86768650000.0,1.0,2919.0,2949.0,2915.0,2945.0,29550000.0
2025-11-06,01110,2948.0,2960.0,2872.0,2883.0,62173600.0,180614308000.0,1.0,2948.0,2960.0,2872.0,2883.0,62173600.0
2025-11-07,01110,2883.0,2938.0,2879.0,2933.0,35899500.0,104706875000.0,1.0,2883.0,2938.0,2879.0,2933.0,35899500.0
2025-11-10,01110,2935.0,2965.0,2932.0,2961.0,21352100.0,63045634000.0,1.0,2935.0,2965.0,2932.0,2961.0,21352100.0
2025-11-11,01110,2958.0,2960.0,2893.0,2895.0,17762600.0,51795742000.0,1.0,2958.0,2960.0,2893.0,2895.0,17762600.0
2025-11-12,01110,2892.0,2897.0,2836.0,2841.0,33911300.0,96918495000.0,1.0,2892.0,2897.0,2836.0,2841.0,33911300.0
2025-11-13,01110,2840.0,2873.0,2839.0,2872.0,26171300.0,74884813000.0,1.0,2840.0,2873.0,2839.0,2872.0,26171300.0
2025-11-14,01110,2873.0,2884.0,2804.0,2815.0,26853100.0,76110636000.0,1.0,2873.0,2884.0,2804.0,2815.0,26853100.0
2025-11-17,01110,2814.0,2845.0,2813.0,2844.0,16864900.0,47795127000.0,1.0,2814.0,2845.0,2813.0,2844.0,16864900.0
2025-11-18,01110,2843.0,2850.0,2816.0,2823.0,45256900.0,128061941000.0,1.0,2843.0,2850.0,2816.0,2823.0,45256900.0
2025-11-19,01110,2825.0,2856.0,2825.0,2856.0,18098300.0,51501729000.0,1.0,2825.0,2856.0,2825.0,2856.0,18098300.0
2025-11-20,01110,2854.0,2901.0,2853.0,2900.0,28238400.0,81458371000.0,1.0,2854.0,2901.0,2853.0,2900.0,28238400.0
2025-11-21,01110,2894.0,2990.0,2894.0,2990.0,29483500.0,87212193000.0,1.0,2894.0,2990.0,2894.0,2990.0,29483500.0
2025-11-24,01110,2991.0,2998.0,2904.0,2910.0,43425300.0,127554581000.0,1.0,2991.0,2998.0,2904.0,2910.0,43425300.0
2025-11-25,01110,2906.0,2909.0,2842.0,2845.0,22736100.0,65146505000.0,1.0,2906.0,2909.0,2842.0,2845.0,22736100.0
2025-11-26,01110,2845.0,2846.0,2842.0,2843.0,16168200.0,45976971000.0,1.0,2845.0,2846.0,2842.0,2843.0,16168200.0
2025-11-27,01110,2846.0,2933.0,2837.0,2923.0,31139800.0,90232760000.0,1.0,2846.0,2933.0,2837.0,2923.0,31139800.0
2025-11-28,01110,2920.0,2954.0,2916.0,2950.0,26277300.0,77255262000.0,1.0,2920.0,2954.0,2916.0,2950.0,26277300.0
2025-12-01,01110,2948.0,2954.0,2884.0,2889.0,18061300.0,52540322000.0,1.0,2948.0,2954.0,2884.0,2889.0,18061300.0
2025-12-02,01110,2885.0,2938.0,2881.0,2934.0,23550900.0,68713676000.0,1.0,2885.0,2938.0,2881.0,2934.0,23550900.0
2025-12-03,01110,2934.0,2937.0,2930.0,2933.0,31106500.0,91245733000.0,1.0,2934.0,2937.0,2930.0,2933.0,31106500.0
2025-12-04,01110,2931.0,2997.0,2930.0,2996.0,37340800.0,111063986000.0,1.0,2931.0,2997.0,2930.0,2996.0,37340800.0
2025-12-05,01110,2990.0,2990.0,2944.0,2944.0,41323900.0,122291195000.0,1.0,2990.0,2990.0,2944.0,2944.0,41323900.0
2025-12-08,01110,2943.0,2994.0,2939.0,2990.0,44414700.0,132104123000.0,1.0,2943.0,2994.0,2939.0,2990.0,44414700.0
2025-12-09,01110,2993.0,3063.0,2990.0,3060.0,38934000.0,118268514000.0,1.0,2993.0,3063.0,2990.0,3060.0,38934000.0
2025-12-10,01110,3056.0,3059.0,3011.0,3014.0,22826700.0,69119248000.0,1.0,3056.0,3059.0,3011.0,3014.0,22826700.0
2025-12-11,01110,3014.0,3028.0,3010.0,3024.0,29905200.0,90333641000.0,1.0,3014.0,3028.0,3010.0,3024.0,29905200.0
2025-12-12,01110,3022.0,3050.0,3020.0,3048.0,26996400.0,82051058000.0,1.0,3022.0,3050.0,3020.0,3048.0,26996400.0
2025-12-15,01110,3042.0,3062.0,3041.0,3061.0,21757500.0,66461910000.0,1.0,3042.0,3062.0,3041.0,3061.0,21757500.0
2025-12-16,01110,3065.0,3070.0,3016.0,3021.0,15424600.0,46823944000.0,1.0,3065.0,3070.0,3016.0,3021.0,15424600.0
2025-12-17,01110,3022.0,3079.0,3016.0,3073.0,26571300.0,81201893000.0,1.0,3022.0,3079.0,3016.0,3073.0,26571300.0
2025-12-18,01110,3073.0,3092.0,3013.0,3031.0,37728500.0,114895859000.0,1.0,3073.0,3092.0,3013.0,3031.0,37728500.0
2025-12-19,01110,3028.0,3044.0,3023.0,3039.0,22346200.0,67828166000.0,1.0,3028.0,3044.0,3023.0,3039.0,22346200.0
2025-12-22,01110,3033.0,3074.0,3025.0,3066.0,37878000.0,115717290000.0,1.0,3033.0,3074.0,3025.0,3066.0,37878000.0
2025-12-23,01110,3068.0,3090.0,3064.0,3086.0,25442600.0,78363208000.0,1.0,3068.0,3090.0,3064.0,3086.0,25442600.0
2025-12-24,01110,3083.0,3121.0,3081.0,3119.0,32219400.0,100105676000.0,1.0,3083.0,3121.0,3081.0,3119.0,32219400.0
2025-12-25,01110,3124.0,3128.0,3028.0,3032.0,28881400.0,88454101000.0,1.0,3124.0,3128.0,3028.0,3032.0,28881400.0
2025-12-26,01110,3029.0,3035.0,2921.0,2927.0,44148300.0,130723116000.0,1.0,3029.0,3035.0,2921.0,2927.0,44148300.0
2025-12-29,01110,2926.0,2945.0,2921.0,2940.0,25972700.0,76238532000.0,1.0,2926.0,2945.0,2921.0,2940.0,25972700.0
2025-12-30,01110,2939.0,2963.0,2934.0,2958.0,79803000.0,235551855000.0,1.0,2939.0,2963.0,2934.0,2958.0,79803000.0
2024-01-04,02220,3002.0,3006.0,2996.0,3000.0,11189700.0,33576560000.0,1.0,1501.0,1503.0,1498.0,1500.0,22379400.0
2024-01-05,02220,3003.0,3013.0,2922.0,2931.0,14236900.0,42074785000.0,1.0,1501.5,1506.5,1461.0,1465.5,28473800.0
2024-01-08,02220,2930.0,2939.0,2908.0,2917.0,8777100.0,25640835000.0,1.0,1465.0,1469.5,1454.0,1458.5,17554200.0
2024-01-09,02220,2914.0,2930.0,2829.0,2844.0,10656500.0,30559290000.0,1.0,1457.0,1465.0,1414.5,1422.0,21313000.0
2024-01-10,02220,2848.0,2851.0,2830.0,2833.0,11558500.0,32803023000.0,1.0,1424.0,1425.5,1415.0,1416.5,23117000.0
2024-01-11,02220,2832.0,2833.0,2798.0,2799.0,6688200.0,18793842000.0,1.0,1416.0,1416.5,1399.0,1399.5,13376400.0
2024-01-12,02220,2800.0,2884.0,2800.0,2884.0,20142400.0,57526694000.0,1.0,1400.0,1442.0,1400.0,1442.0,40284800.0
2024-01-15,02220,2888.0,2958.0,2879.0,2949.0,9887700.0,28957777000.0,1.0,1444.0,1479.0,1439.5,1474.5,19775400.0
2024-01-16,02220,2946.0,2984.0,2942.0,2980.0,11960700.0,35507331000.0,1.0,1473.0,1492.0,1471.0,1490.0,23921400.0
2024-01-17,02220,2980.0,2982.0,2955.0,2957.0,8773700.0,26011096000.0,1.0,1490.0,1491.0,1477.5,1478.5,17547400.0
2024-01-18,02220,2961.0,2972.0,2959.0,2970.0,8083400.0,23983448000.0,1.0,1480.5,1486.0,1479.5,1485.0,16166800.0
2024-01-19,02220,2971.0,2979.0,2951.0,2959.0,12545700.0,37172909000.0,1.0,1485.5,1489.5,1475.5,1479.5,25091400.0
2024-01-22,02220,2958.0,3091.0,2955.0,3088.0,13547800.0,41248535000.0,1.0,1479.0,1545.5,1477.5,1544.0,27095600.0
2024-01-23,02220,3092.0,3123.0,3089.0,3120.0,10585300.0,32927340000.0,1.0,1546.0,1561.5,1544.5,1560.0,21170600.0
2024-01-24,02220,3117.0,3148.0,3110.0,3141.0,8073100.0,25293022000.0,1.0,1558.5,1574.0,1555.0,1570.5,16146200.0
2024-01-25,02220,3138.0,3151.0,3081.0,3094.0,16567900.0,51504078000.0,1.0,1569.0,1575.5,1540.5,1547.0,33135800.0
2024-01-26,02220,3095.0,3109.0,3033.0,3047.0,12290300.0,37645189000.0,1.0,1547.5,1554.5,1516.5,1523.5,24580600.0
2024-01-29,02220,3044.0,3044.0,2988.0,2988.0,24282000.0,73007880000.0,1.0,1522.0,1522.0,1494.0,1494.0,48564000.0
2024-01-30,02220,2988.0,2992.0,2987.0,2991.0,7157700.0,21401523000.0,1.0,1494.0,1496.0,1493.5,1495.5,14315400.0
2024-01-31,02220,2989.0,3085.0,2968.0,3064.0,14469200.0,43971899000.0,1.0,1494.5,1542.5,1484.0,1532.0,28938400.0
2024-02-01,02220,3063.0,3064.0,2974.0,2975.0,10793600.0,32427572000.0,1.0,1531.5,1532.0,1487.0,1487.5,21587200.0
2024-02-02,02220,2977.0,2982.0,2913.0,2918.0,14520900.0,42657564000.0,1.0,1488.5,1491.0,1456.5,1459.0,29041800.0
2024-02-05,02220,2920.0,2927.0,2869.0,2876.0,11697700.0,33814151000.0,1.0,1460.0,1463.5,1434.5,1438.0,23395400.0
2024-02-06,02220,2875.0,2965.0,2865.0,2955.0,8034600.0,23527987000.0,1.0,1437.5,1482.5,1432.5,1477.5,16069200.0
2024-02-07,02220,2954.0,3017.0,2953.0,3016.0,12000800.0,35946396000.0,1.0,1477.0,1508.5,1476.5,1508.0,24001600.0
2024-02-08,02220,3016.0,3048.0,3013.0,3045.0,12371300.0,37551019000.0,1.0,1508.0,1524.0,1506.5,1522.5,24742600.0
2024-02-09,02220,3045.0,3060.0,3014.0,3029.0,20077100.0,60920614000.0,1.0,1522.5,1530.0,1507.0,1514.5,40154200.0
2024-02-12,02220,3028.0,3034.0,2966.0,2972.0,10467800.0,31305701000.0,1.0,1514.0,1517.0,1483.0,1486.0,20935600.0
2024-02-13,02220,2971.0,3063.0,2961.0,3053.0,9886700.0,29913859000.0,1.0,1485.5,1531.5,1480.5,1526.5,19773400.0
2024-02-14,02220,3059.0,3065.0,2996.0,3001.0,11779400.0,35581641000.0,1.0,1529.5,1532.5,1498.0,1500.5,23558800.0
2024-02-15,02220,3001.0,3018.0,2995.0,3012.0,7335500.0,22067629000.0,1.0,1500.5,1509.0,1497.5,1506.0,14671000.0
2024-02-16,02220,3012.0,3043.0,3008.0,3039.0,10461500.0,31698345000.0,1.0,1506.0,1521.5,1504.0,1519.5,20923000.0
2024-02-19,02220,3034.0,3038.0,3020.0,3024.0,11168500.0,33810772000.0,1.0,1517.0,1519.0,1510.0,1512.0,22337000.0
2024-02-20,02220,3022.0,3116.0,3021.0,3115.0,12335800.0,38043607000.0,1.0,1511.0,1558.0,1510.5,1557.5,24671600.0
2024-02-21,02220,3122.0,3149.0,3119.0,3146.0,8770500.0,27521829000.0,1.0,1561.0,1574.5,1559.5,1573.0,17541000.0
2024-02-22,02220,3153.0,3161.0,3025.0,3033.0,7046500.0,21653894000.0,1.0,1576.5,1580.5,1512.5,1516.5,14093000.0
2024-02-23,02220,3032.0,3075.0,3031.0,3074.0,13186100.0,40349466000.0,1.0,1516.0,1537.5,1515.5,1537.0,26372200.0
2024-02-26,02220,3069.0,3072.0,2984.0,2987.0,8984700.0,27082881000.0,1.0,1534.5,1536.0,1492.0,1493.5,17969400.0
2024-02-27,02220,2990.0,2993.0,2903.0,2906.0,5936700.0,17418278000.0,1.0,1495.0,1496.5,1451.5,1453.0,11873400.0
2024-02-28,02220,2903.0,2939.0,2877.0,2913.0,11412400.0,33206280000.0,1.0,1451.5,1469.5,1438.5,1456.5,22824800.0
2024-02-29,02220,2917.0,2987.0,2915.0,2985.0,9500800.0,28144537000.0,1.0,1458.5,1493.5,1457.5,1492.5,19001600.0
2024-03-01,02220,2984.0,3015.0,2977.0,3007.0,9756600.0,29266548000.0,1.0,1492.0,1507.5,1488.5,1503.5,19513200.0
2024-03-04,02220,3005.0,3010.0,2994.0,2999.0,16868300.0,50621768000.0,1.0,1502.5,1505.0,1497.0,1499.5,33736600.0
2024-03-05,02220,2998.0,3001.0,2991.0,2994.0,9410200.0,28186686000.0,1.0,1499.0,1500.5,1495.5,1497.0,18820400.0
2024-03-06,02220,2997.0,2997.0,2989.0,2989.0,15521800.0,46436052000.0,1.0,1498.5,1498.5,1494.5,1494.5,31043600.0
2024-03-07,02220,2988.0,2994.0,2972.0,2978.0,14051900.0,41893398000.0,1.0,1494.0,1497.0,1486.0,1489.0,28103800.0
2024-03-08,02220,2974.0,2977.0,2863.0,2866.0,11121600.0,32274883000.0,1.0,1487.0,1488.5,1431.5,1433.0,22243200.0
2024-03-11,02220,2862.0,2933.0,2853.0,2924.0,8967200.0,26034771000.0,1.0,1431.0,1466.5,1426.5,1462.0,17934400.0
2024-03-12,02220,2923.0,2931.0,2788.0,2796.0,19650200.0,55773818000.0,1.0,1461.5,1465.5,1394.0,1398.0,39300400.0
2024-03-13,02220,2795.0,2798.0,2773.0,2776.0,11127600.0,30960692000.0,1.0,1397.5,1399.0,1386.5,1388.0,22255200.0
2024-03-14,02220,2776.0,2851.0,2775.0,2850.0,13981700.0,39502963000.0,1.0,1388.0,1425.5,1387.5,1425.0,27963400.0
2024-03-15,02220,2849.0,2887.0,2846.0,2884.0,6613100.0,18995028000.0,1.0,1424.5,1443.5,1423.0,1442.0,13226200.0
2024-03-18,02220,2884.0,2886.0,2842.0,2844.0,10837900.0,30967493000.0,1.0,1442.0,1443.0,1421.0,1422.0,21675800.0
2024-03-19,02220,2843.0,2945.0,2828.0,2930.0,12818500.0,37186468000.0,1.0,1421.5,1472.5,1414.0,1465.0,25637000.0
2024-03-20,02220,2934.0,3018.0,2925.0,3009.0,7849700.0,23423505000.0,1.0,1467.0,1509.0,1462.5,1504.5,15699400.0
2024-03-21,02220,3008.0,3020.0,2949.0,2961.0,11810500.0,35155922000.0,1.0,1504.0,1510.0,1474.5,1480.5,23621000.0
2024-03-22,02220,2963.0,2968.0,2950.0,2955.0,8122200.0,24022760000.0,1.0,1481.5,1484.0,1475.0,1477.5,16244400.0
2024-03-25,02220,2956.0,2960.0,2947.0,2951.0,22016800.0,65008271000.0,1.0,1478.0,1480.0,1473.5,1475.5,44033600.0
2024-03-26,02220,2948.0,2957.0,2928.0,2937.0,11528000.0,33900005000.0,1.0,1474.0,1478.5,1464.0,1468.5,23056000.0
2024-03-27,02220,2932.0,2936.0,2929.0,2933.0,8820200.0,25866707000.0,1.0,1466.0,1468.0,1464.5,1466.5,17640400.0
2024-03-28,02220,2935.0,2944.0,2931.0,2940.0,8623000.0,25337248000.0,1.0,1467.5,1472.0,1465.5,1470.0,17246000.0
2024-03-29,02220,2940.0,3033.0,2929.0,3022.0,7115900.0,21309749000.0,1.0,1470.0,1516.5,1464.5,1511.0,14231800.0
2024-04-01,02220,3027.0,3036.0,3019.0,3028.0,7954700.0,24084180000.0,1.0,1513.5,1518.0,1509.5,1514.0,15909400.0
2024-04-02,02220,3027.0,3138.0,3020.0,3131.0,8411600.0,26045117000.0,1.0,1513.5,1569.0,1510.0,1565.5,16823200.0
2024-04-03,02220,3133.0,3133.0,3102.0,3102.0,11002100.0,34242203000.0,1.0,1566.5,1566.5,1551.0,1551.0,22004200.0
2024-04-04,02220,3099.0,3110.0,3078.0,3089.0,21575900.0,66719875000.0,1.0,1549.5,1555.0,1539.0,1544.5,43151800.0
2024-04-05,02220,3088.0,3217.0,3082.0,3210.0,12126900.0,38438231000.0,1.0,1544.0,1608.5,1541.0,1605.0,24253800.0
2024-04-08,02220,3207.0,3217.0,3085.0,3095.0,15707500.0,49201126000.0,1.0,1603.5,1608.5,1542.5,1547.5,31415000.0
2024-04-09,02220,3094.0,3108.0,3044.0,3057.0,10039000.0,30816384000.0,1.0,1547.0,1554.0,1522.0,1528.5,20078000.0
2024-04-10,02220,3057.0,3064.0,3016.0,3023.0,7993700.0,24255550000.0,1.0,1528.5,1532.0,1508.0,1511.5,15987400.0
2024-04-11,02220,3021.0,3051.0,3014.0,3044.0,10423500.0,31649220000.0,1.0,1510.5,1525.5,1507.0,1522.0,20847000.0
2024-04-12,02220,3044.0,3075.0,3042.0,3073.0,18727100.0,57367350000.0,1.0,1522.0,1537.5,1521.0,1536.5,37454200.0
2024-04-15,02220,3075.0,3088.0,2988.0,3001.0,13778100.0,41687938000.0,1.0,1537.5,1544.0,1494.0,1500.5,27556200.0
2024-04-16,02220,2997.0,3017.0,2997.0,3017.0,9584200.0,28851637000.0,1.0,1498.5,1508.5,1498.5,1508.5,19168400.0
2024-04-17,02220,3017.0,3020.0,2931.0,2934.0,13159700.0,38974645000.0,1.0,1508.5,1510.0,1465.5,1467.0,26319400.0
2024-04-18,02220,2932.0,2934.0,2836.0,2838.0,13254300.0,38031005000.0,1.0,1466.0,1467.0,1418.0,1419.0,26508600.0
2024-04-19,02220,2836.0,2870.0,2824.0,2858.0,16651600.0,47468161000.0,1.0,1418.0,1435.0,1412.0,1429.0,33303200.0
2024-04-22,02220,2860.0,2950.0,2857.0,2947.0,8323200.0,24287098000.0,1.0,1430.0,1475.0,1428.5,1473.5,16646400.0
2024-04-23,02220,2947.0,2988.0,2941.0,2982.0,18631600.0,55342063000.0,1.0,1473.5,1494.0,1470.5,1491.0,37263200.0
2024-04-24,02220,2985.0,2991.0,2940.0,2946.0,8147900.0,24109636000.0,1.0,1492.5,1495.5,1470.0,1473.0,16295800.0
2024-04-25,02220,2945.0,2948.0,2909.0,2912.0,14140800.0,41333558000.0,1.0,1472.5,1474.0,1454.5,1456.0,28281600.0
2024-04-26,02220,2912.0,2918.0,2911.0,2917.0,18842200.0,54931294000.0,1.0,1456.0,1459.0,1455.5,1458.5,37684400.0
2024-04-29,02220,2915.0,2922.0,2805.0,2812.0,11817900.0,33637683000.0,1.0,1457.5,1461.0,1402.5,1406.0,23635800.0
2024-04-30,02220,2813.0,2822.0,2785.0,2794.0,22711700.0,63600331000.0,1.0,1406.5,1411.0,1392.5,1397.0,45423400.0
2024-05-01,02220,2794.0,2799.0,2747.0,2752.0,18381200.0,50842399000.0,1.0,1397.0,1399.5,1373.5,1376.0,36762400.0
2024-05-02,02220,2751.0,2774.0,2738.0,2761.0,8762400.0,24163778000.0,1.0,1375.5,1387.0,1369.0,1380.5,17524800.0
2024-05-03,02220,2764.0,2790.0,2758.0,2784.0,6430200.0,17858809000.0,1.0,1382.0,1395.0,1379.0,1392.0,12860400.0
2024-05-06,02220,2779.0,2794.0,2690.0,2705.0,8200000.0,22383267000.0,1.0,1389.5,1397.0,1345.0,1352.5,16400000.0
2024-05-07,02220,2702.0,2729.0,2697.0,2724.0,7689800.0,20890623000.0,1.0,1351.0,1364.5,1348.5,1362.0,15379600.0
2024-05-08,02220,2720.0,2727.0,2668.0,2675.0,14152800.0,38071032000.0,1.0,1360.0,1363.5,1334.0,1337.5,28305600.0
2024-05-09,02220,2675.0,2676.0,2599.0,2600.0,12174200.0,31957275000.0,1.0,1337.5,1338.0,1299.5,1300.0,24348400.0
2024-05-10,02220,2600.0,2614.0,2599.0,2613.0,14845300.0,38726439000.0,1.0,1300.0,1307.0,1299.5,1306.5,29690600.0
2024-05-13,02220,2614.0,2624.0,2614.0,2624.0,9672000.0,25347088000.0,1.0,1307.0,1312.0,1307.0,1312.0,19344000.0
2024-05-14,02220,2624.0,2632.0,2607.0,2615.0,16915800.0,44285564000.0,1.0,1312.0,1316.0,1303.5,1307.5,33831600.0
2024-05-15,02220,2615.0,2643.0,2612.0,2640.0,24839500.0,65369284000.0,1.0,1307.5,1321.5,1306.0,1320.0,49679000.0
2024-05-16,02220,2644.0,2684.0,2638.0,2678.0,13746100.0,36656267000.0,1.0,1322.0,1342.0,1319.0,1339.0,27492200.0
2024-05-17,02220,2678.0,2715.0,2675.0,2712.0,6823900.0,18429079000.0,1.0,1339.0,1357.5,1337.5,1356.0,13647800.0
2024-05-20,02220,2712.0,2736.0,2707.0,2731.0,13708800.0,37351910000.0,1.0,1356.0,1368.0,1353.5,1365.5,27417600.0
2024-05-21,02220,2729.0,2745.0,2665.0,2681.0,16658500.0,44927974000.0,1.0,1364.5,1372.5,1332.5,1340.5,33317000.0
2024-05-22,02220,2687.0,2694.0,2596.0,2603.0,19249500.0,50645434000.0,1.0,1343.5,1347.0,1298.0,1301.5,38499000.0
2024-05-23,02220,2600.0,2615.0,2496.0,2510.0,10191900.0,25890823000.0,1.0,1300.0,1307.5,1248.0,1255.0,20383800.0
2024-05-24,02220,2510.0,2548.0,2505.0,2543.0,8931100.0,22613545000.0,1.0,1255.0,1274.0,1252.5,1271.5,17862200.0
2024-05-27,02220,2541.0,2541.0,2532.0,2532.0,11937000.0,30260295000.0,1.0,1270.5,1270.5,1266.0,1266.0,23874000.0
2024-05-28,02220,2527.0,2587.0,2519.0,2579.0,12243400.0,31363510000.0,1.0,1263.5,1293.5,1259.5,1289.5,24486800.0
2024-05-29,02220,2577.0,2590.0,2576.0,2589.0,18806000.0,48613510000.0,1.0,1288.5,1295.0,1288.0,1294.5,37612000.0
2024-05-30,02220,2585.0,2588.0,2555.0,2558.0,10224900.0,26247318000.0,1.0,1292.5,1294.0,1277.5,1279.0,20449800.0
2024-05-31,02220,2556.0,2560.0,2529.0,2533.0,13348800.0,33914851000.0,1.0,1278.0,1280.0,1264.5,1266.5,26697600.0
2024-06-03,02220,2533.0,2555.0,2530.0,2552.0,11845000.0,30153422000.0,1.0,1266.5,1277.5,1265.0,1276.0,23690000.0
2024-06-04,02220,2554.0,2567.0,2529.0,2542.0,18665100.0,47521345000.0,1.0,1277.0,1283.5,1264.5,1271.0,37330200.0
2024-06-05,02220,2543.0,2546.0,2541.0,2544.0,12039400.0,30624220000.0,1.0,1271.5,1273.0,1270.5,1272.0,24078800.0
2024-06-06,02220,2547.0,2608.0,2544.0,2605.0,14231700.0,36798432000.0,1.0,1273.5,1304.0,1272.0,1302.5,28463400.0
2024-06-07,02220,2606.0,2631.0,2525.0,2549.0,10960800.0,28150988000.0,1.0,1303.0,1315.5,1262.5,1274.5,21921600.0
2024-06-10,02220,2545.0,2567.0,2536.0,2558.0,12927600.0,33012781000.0,1.0,1272.5,1283.5,1268.0,1279.0,25855200.0
2024-06-11,02220,2560.0,2587.0,2546.0,2573.0,15599400.0,40069659000.0,1.0,1280.0,1293.5,1273.0,1286.5,31198800.0
2024-06-12,02220,2573.0,2582.0,2562.0,2571.0,5982000.0,15383710000.0,1.0,1286.5,1291.0,1281.0,1285.5,11964000.0
2024-06-13,02220,2574.0,2593.0,2572.0,2591.0,11234600.0,29045186000.0,1.0,1287.0,1296.5,1286.0,1295.5,22469200.0
2024-06-14,02220,2592.0,2606.0,2467.0,2480.0,9273000.0,23346323000.0,1.0,1296.0,1303.0,1233.5,1240.0,18546000.0
2024-06-17,02220,2479.0,2508.0,2478.0,2507.0,8917400.0,22272693000.0,1.0,1239.5,1254.0,1239.0,1253.5,17834800.0
2024-06-18,02220,2505.0,2506.0,2505.0,2506.0,12672100.0,31752059000.0,1.0,1252.5,1253.0,1252.5,1253.0,25344200.0
2024-06-19,02220,2506.0,2520.0,2503.0,2517.0,12626200.0,31733849000.0,1.0,1253.0,1260.0,1251.5,1258.5,25252400.0
2024-06-20,02220,2519.0,2595.0,2518.0,2594.0,16020600.0,41156921000.0,1.0,1259.5,1297.5,1259.0,1297.0,32041200.0
2024-06-21,02220,2594.0,2599.0,2579.0,2584.0,21090600.0,54568412000.0,1.0,1297.0,1299.5,1289.5,1292.0,42181200.0
2024-06-24,02220,2585.0,2592.0,2577.0,2584.0,8655500.0,22368697000.0,1.0,1292.5,1296.0,1288.5,1292.0,17311000.0
2024-06-25,02220,2585.0,2591.0,2558.0,2564.0,10701600.0,27513814000.0,1.0,1292.5,1295.5,1279.0,1282.0,21403200.0
2024-06-26,02220,2561.0,2577.0,2466.0,2482.0,14408700.0,36141822000.0,1.0,1280.5,1288.5,1233.0,1241.0,28817400.0
2024-06-27,02220,2480.0,2486.0,2412.0,2418.0,12469400.0,30408710000.0,1.0,1240.0,1243.0,1206.0,1209.0,24938800.0
2024-06-28,02220,2413.0,2420.0,2366.0,2373.0,21142600.0,50453291000.0,1.0,1206.5,1210.0,1183.0,1186.5,42285200.0
2024-07-01,02220,2372.0,2372.0,2368.0,2368.0,9007100.0,21340822000.0,1.0,1186.0,1186.0,1184.0,1184.0,18014200.0
2024-07-02,02220,2365.0,2369.0,2358.0,2362.0,14287300.0,33760890000.0,1.0,1182.5,1184.5,1179.0,1181.0,28574600.0
2024-07-03,02220,2363.0,2376.0,2359.0,2372.0,8628300.0,20440443000.0,1.0,1181.5,1188.0,1179.5,1186.0,17256600.0
2024-07-04,02220,2374.0,2407.0,2364.0,2397.0,16888600.0,40352495000.0,1.0,1187.0,1203.5,1182.0,1198.5,33777200.0
2024-07-05,02220,2395.0,2437.0,2390.0,2432.0,18322500.0,44334342000.0,1.0,1197.5,1218.5,1195.0,1216.0,36645000.0
2024-07-08,02220,2431.0,2431.0,2418.0,2418.0,12617100.0,30562822000.0,1.0,1215.5,1215.5,1209.0,1209.0,25234200.0
2024-07-09,02220,2419.0,2458.0,2417.0,2456.0,12772600.0,31211977000.0,1.0,1209.5,1229.0,1208.5,1228.0,25545200.0
2024-07-10,02220,2454.0,2454.0,2430.0,2430.0,5860100.0,14286924000.0,1.0,1227.0,1227.0,1215.0,1215.0,11720200.0
2024-07-11,02220,2432.0,2439.0,2411.0,2418.0,9321600.0,22583130000.0,1.0,1216.0,1219.5,1205.5,1209.0,18643200.0
2024-07-12,02220,2411.0,2416.0,2359.0,2364.0,9999500.0,23795477000.0,1.0,1205.5,1208.0,1179.5,1182.0,19999000.0
2024-07-15,02220,2362.0,2436.0,2360.0,2434.0,3948800.0,9516608000.0,1.0,1181.0,1218.0,1180.0,1217.0,7897600.0
2024-07-16,02220,2434.0,2460.0,2432.0,2458.0,9887600.0,24224620000.0,1.0,1217.0,1230.0,1216.0,1229.0,19775200.0
2024-07-17,02220,2453.0,2514.0,2449.0,2509.0,11408600.0,28415020000.0,1.0,1226.5,1257.0,1224.5,1254.5,22817200.0
2024-07-18,02220,2513.0,2522.0,2474.0,2483.0,16063500.0,40046306000.0,1.0,1256.5,1261.0,1237.0,1241.5,32127000.0
2024-07-19,02220,2481.0,2505.0,2478.0,2502.0,7544500.0,18823528000.0,1.0,1240.5,1252.5,1239.0,1251.0,15089000.0
2024-07-22,02220,2502.0,2506.0,2464.0,2468.0,16093800.0,39901895000.0,1.0,1251.0,1253.0,1232.0,1234.0,32187600.0
2024-07-23,02220,2468.0,2471.0,2425.0,2428.0,12071100.0,29469579000.0,1.0,1234.0,1235.5,1212.5,1214.0,24142200.0
2024-07-24,02220,2428.0,2442.0,2427.0,2440.0,19523400.0,47565510000.0,1.0,1214.0,1221.0,1213.5,1220.0,39046800.0
2024-07-25,02220,2439.0,2446.0,2407.0,2414.0,19871500.0,48135397000.0,1.0,1219.5,1223.0,1203.5,1207.0,39743000.0
2024-07-26,02220,2411.0,2457.0,2409.0,2455.0,21070000.0,51417823000.0,1.0,1205.5,1228.5,1204.5,1227.5,42140000.0
2024-07-29,02220,2456.0,2458.0,2415.0,2417.0,14161100.0,34411473000.0,1.0,1228.0,1229.0,1207.5,1208.5,28322200.0
2024-07-30,02220,2418.0,2429.0,2318.0,2329.0,10648200.0,25115554000.0,1.0,1209.0,1214.5,1159.0,1164.5,21296400.0
2024-07-31,02220,2328.0,2346.0,2328.0,2346.0,18631300.0,43597242000.0,1.0,1164.0,1173.0,1164.0,1173.0,37262600.0
2024-08-01,02220,2344.0,2373.0,2335.0,2364.0,11575200.0,27286605000.0,1.0,1172.0,1186.5,1167.5,1182.0,23150400.0
2024-08-02,02220,2362.0,2372.0,2312.0,2322.0,10757000.0,25121181000.0,1.0,1181.0,1186.0,1156.0,1161.0,21514000.0
2024-08-05,02220,2320.0,2397.0,2314.0,2391.0,10278200.0,24331925000.0,1.0,1160.0,1198.5,1157.0,1195.5,20556400.0
2024-08-06,02220,2391.0,2426.0,2386.0,2421.0,12000700.0,28933688000.0,1.0,1195.5,1213.0,1193.0,1210.5,24001400.0
2024-08-07,02220,2421.0,2498.0,2418.0,2495.0,14621900.0,36120967000.0,1.0,1210.5,1249.0,1209.0,1247.5,29243800.0
2024-08-08,02220,2498.0,2517.0,2490.0,2509.0,17443200.0,43701030000.0,1.0,1249.0,1258.5,1245.0,1254.5,34886400.0
2024-08-09,02220,2514.0,2525.0,2437.0,2448.0,10396700.0,25679849000.0,1.0,1257.0,1262.5,1218.5,1224.0,20793400.0
2024-08-12,02220,2456.0,2466.0,2456.0,2466.0,15370400.0,37852172000.0,1.0,1228.0,1233.0,1228.0,1233.0,30740800.0
2024-08-13,02220,2462.0,2467.0,2455.0,2460.0,6657100.0,16380904000.0,1.0,1231.0,1233.5,1227.5,1230.0,13314200.0
2024-08-14,02220,2461.0,2473.0,2452.0,2464.0,10822900.0,26656803000.0,1.0,1230.5,1236.5,1226.0,1232.0,21645800.0
2024-08-15,02220,2468.0,2489.0,2461.0,2482.0,17717200.0,43891410000.0,1.0,1234.0,1244.5,1230.5,1241.0,35434400.0
2024-08-16,02220,2481.0,2490.0,2472.0,2481.0,10785200.0,26758081000.0,1.0,1240.5,1245.0,1236.0,1240.5,21570400.0
2024-08-19,02220,2483.0,2484.0,2466.0,2467.0,10089400.0,24944360000.0,1.0,1241.5,1242.0,1233.0,1233.5,20178800.0
2024-08-20,02220,2464.0,2464.0,2427.0,2427.0,9490900.0,23151469000.0,1.0,1232.0,1232.0,1213.5,1213.5,18981800.0
2024-08-21,02220,2428.0,2499.0,2413.0,2484.0,9625300.0,23729573000.0,1.0,1214.0,1249.5,1206.5,1242.0,19250600.0
2024-08-22,02220,2483.0,2552.0,2474.0,2543.0,8390900.0,21170241000.0,1.0,1241.5,1276.0,1237.0,1271.5,16781800.0
2024-08-23,02220,2548.0,2557.0,2539.0,2548.0,5853200.0,14913954000.0,1.0,1274.0,1278.5,1269.5,1274.0,11706400.0
2024-08-26,02220,2545.0,2552.0,2541.0,2548.0,10326400.0,26301341000.0,1.0,1272.5,1276.0,1270.5,1274.0,20652800.0
2024-08-27,02220,2553.0,2559.0,2537.0,2543.0,8895500.0,22650908000.0,1.0,1276.5,1279.5,1268.5,1271.5,17791000.0
2024-08-28,02220,2544.0,2547.0,2535.0,2538.0,6548900.0,16634206000.0,1.0,1272.0,1273.5,1267.5,1269.0,13097800.0
2024-08-29,02220,2536.0,2536.0,2436.0,2436.0,13648200.0,33701955000.0,1.0,1268.0,1268.0,1218.0,1218.0,27296400.0
2024-08-30,02220,2434.0,2441.0,2409.0,2416.0,8577400.0,20774463000.0,1.0,1217.0,1220.5,1204.5,1208.0,17154800.0
2024-09-02,02220,2417.0,2474.0,2416.0,2473.0,21901700.0,53754072000.0,1.0,1208.5,1237.0,1208.0,1236.5,43803400.0
2024-09-03,02220,2479.0,2496.0,2469.0,2486.0,6119600.0,15199047000.0,1.0,1239.5,1248.0,1234.5,1243.0,12239200.0
2024-09-04,02220,2491.0,2549.0,2483.0,2540.0,12497800.0,31544447000.0,1.0,1245.5,1274.5,1241.5,1270.0,24995600.0
2024-09-05,02220,2535.0,2540.0,2516.0,2521.0,20489500.0,51749647000.0,1.0,1267.5,1270.0,1258.0,1260.5,40979000.0
2024-09-06,02220,2521.0,2524.0,2431.0,2434.0,17102600.0,42123704000.0,1.0,1260.5,1262.0,1215.5,1217.0,34205200.0
2024-09-09,02220,2437.0,2467.0,2430.0,2460.0,6372900.0,15628475000.0,1.0,1218.5,1233.5,1215.0,1230.0,12745800.0
2024-09-10,02220,2460.0,2520.0,2459.0,2519.0,12952300.0,32372115000.0,1.0,1230.0,1260.0,1229.5,1259.5,25904600.0
2024-09-11,02220,2518.0,2550.0,2514.0,2546.0,13289900.0,33712046000.0,1.0,1259.0,1275.0,1257.0,1273.0,26579800.0
2024-09-12,02220,2544.0,2547.0,2435.0,2438.0,15451100.0,38215721000.0,1.0,1272.0,1273.5,1217.5,1219.0,30902200.0
2024-09-13,02220,2442.0,2442.0,2423.0,2423.0,11490400.0,27914012000.0,1.0,1221.0,1221.0,1211.5,1211.5,22980800.0
2024-09-16,02220,2423.0,2457.0,2421.0,2455.0,13786400.0,33698557000.0,1.0,1211.5,1228.5,1210.5,1227.5,27572800.0
2024-09-17,02220,2459.0,2464.0,2387.0,2392.0,20368000.0,49175141000.0,1.0,1229.5,1232.0,1193.5,1196.0,40736000.0
2024-09-18,02220,2393.0,2395.0,2372.0,2374.0,10675300.0,25410772000.0,1.0,1196.5,1197.5,1186.0,1187.0,21350600.0
2024-09-19,02220,2376.0,2383.0,2329.0,2335.0,15289400.0,35914801000.0,1.0,1188.0,1191.5,1164.5,1167.5,30578800.0
2024-09-20,02220,2335.0,2401.0,2333.0,2399.0,7142800.0,16983197000.0,1.0,1167.5,1200.5,1166.5,1199.5,14285600.0
2024-09-23,02220,2399.0,2402.0,2338.0,2341.0,10236500.0,24161552000.0,1.0,1199.5,1201.0,1169.0,1170.5,20473000.0
2024-09-24,02220,2343.0,2366.0,2336.0,2359.0,9977400.0,23483474000.0,1.0,1171.5,1183.0,1168.0,1179.5,19954800.0
2024-09-25,02220,2364.0,2366.0,2260.0,2262.0,21073600.0,48384986000.0,1.0,1182.0,1183.0,1130.0,1131.0,42147200.0
2024-09-26,02220,2262.0,2270.0,2238.0,2246.0,22686900.0,51075774000.0,1.0,1131.0,1135.0,1119.0,1123.0,45373800.0
2024-09-27,02220,2247.0,2311.0,2242.0,2305.0,8084500.0,18481167000.0,1.0,1123.5,1155.5,1121.0,1152.5,16169000.0
2024-09-30,02220,2305.0,2318.0,2226.0,2239.0,12709600.0,28736406000.0,1.0,1152.5,1159.0,1113.0,1119.5,25419200.0
2024-10-01,02220,2240.0,2290.0,2238.0,2288.0,10691600.0,24291315000.0,1.0,1120.0,1145.0,1119.0,1144.0,21383200.0
2024-10-02,02220,2293.0,2328.0,2292.0,2327.0,13915200.0,32222965000.0,1.0,1146.5,1164.0,1146.0,1163.5,27830400.0
2024-10-03,02220,2327.0,2357.0,2318.0,2348.0,9489300.0,22214451000.0,1.0,1163.5,1178.5,1159.0,1174.0,18978600.0
2024-10-04,02220,2347.0,2408.0,2343.0,2404.0,12970400.0,30934404000.0,1.0,1173.5,1204.0,1171.5,1202.0,25940800.0
2024-10-07,02220,2402.0,2410.0,2399.0,2407.0,12101100.0,29107179000.0,1.0,1201.0,1205.0,1199.5,1203.5,24202200.0
2024-10-08,02220,2405.0,2433.0,2398.0,2426.0,16250900.0,39310927000.0,1.0,1202.5,1216.5,1199.0,1213.0,32501800.0
2024-10-09,02220,2426.0,2429.0,2371.0,2374.0,6395200.0,15293055000.0,1.0,1213.0,1214.5,1185.5,1187.0,12790400.0
2024-10-10,02220,2370.0,2372.0,2341.0,2343.0,18557700.0,43647710000.0,1.0,1185.0,1186.0,1170.5,1171.5,37115400.0
2024-10-11,02220,2344.0,2369.0,2338.0,2363.0,10390100.0,24486002000.0,1.0,1172.0,1184.5,1169.0,1181.5,20780200.0
2024-10-14,02220,2368.0,2375.0,2287.0,2293.0,7582600.0,17578994000.0,1.0,1184.0,1187.5,1143.5,1146.5,15165200.0
2024-10-15,02220,2294.0,2312.0,2293.0,2311.0,14581200.0,33614526000.0,1.0,1147.0,1156.0,1146.5,1155.5,29162400.0
2024-10-16,02220,2313.0,2376.0,2308.0,2371.0,10347300.0,24333400000.0,1.0,1156.5,1188.0,1154.0,1185.5,20694600.0
2024-10-17,02220,2371.0,2373.0,2338.0,2340.0,21548800.0,50646863000.0,1.0,1185.5,1186.5,1169.0,1170.0,43097600.0
2024-10-18,02220,2344.0,2345.0,2303.0,2304.0,8282100.0,19192386000.0,1.0,1172.0,1172.5,1151.5,1152.0,16564200.0
2024-10-21,02220,2307.0,2329.0,2300.0,2322.0,11468800.0,26573210000.0,1.0,1153.5,1164.5,1150.0,1161.0,22937600.0
2024-10-22,02220,2321.0,2358.0,2315.0,2352.0,16794000.0,39325950000.0,1.0,1160.5,1179.0,1157.5,1176.0,33588000.0
2024-10-23,02220,2358.0,2363.0,2289.0,2294.0,10072700.0,23321658000.0,1.0,1179.0,1181.5,1144.5,1147.0,20145400.0
2024-10-24,02220,2293.0,2299.0,2275.0,2281.0,9714500.0,22197632000.0,1.0,1146.5,1149.5,1137.5,1140.5,19429000.0
2024-10-25,02220,2282.0,2301.0,2280.0,2299.0,22428000.0,51434880000.0,1.0,1141.0,1150.5,1140.0,1149.5,44856000.0
2024-10-28,02220,2300.0,2305.0,2294.0,2299.0,12180900.0,28007949000.0,1.0,1150.0,1152.5,1147.0,1149.5,24361800.0
2024-10-29,02220,2303.0,2322.0,2300.0,2319.0,11548900.0,26720305000.0,1.0,1151.5,1161.0,1150.0,1159.5,23097800.0
2024-10-30,02220,2317.0,2329.0,2316.0,2328.0,9782800.0,22738488000.0,1.0,1158.5,1164.5,1158.0,1164.0,19565600.0
2024-10-31,02220,2330.0,2355.0,2318.0,2342.0,9824000.0,22971787000.0,1.0,1165.0,1177.5,1159.0,1171.0,19648000.0
2024-11-01,02220,2339.0,2343.0,2329.0,2333.0,10448800.0,24397948000.0,1.0,1169.5,1171.5,1164.5,1166.5,20897600.0
2024-11-04,02220,2330.0,2399.0,2324.0,2393.0,11086100.0,26296229000.0,1.0,1165.0,1199.5,1162.0,1196.5,22172200.0
2024-11-05,02220,2389.0,2395.0,2376.0,2382.0,10566700.0,25194535000.0,1.0,1194.5,1197.5,1188.0,1191.0,21133400.0
2024-11-06,02220,2386.0,2402.0,2381.0,2397.0,9490600.0,22714169000.0,1.0,1193.0,1201.0,1190.5,1198.5,18981200.0
2024-11-07,02220,2397.0,2401.0,2375.0,2379.0,16976500.0,40488952000.0,1.0,1198.5,1200.5,1187.5,1189.5,33953000.0
2024-11-08,02220,2377.0,2383.0,2374.0,2380.0,7347400.0,17479465000.0,1.0,1188.5,1191.5,1187.0,1190.0,14694800.0
2024-11-11,02220,2377.0,2377.0,2332.0,2332.0,5456200.0,12805701000.0,1.0,1188.5,1188.5,1166.0,1166.0,10912400.0
2024-11-12,02220,2337.0,2339.0,2332.0,2334.0,13378200.0,31238097000.0,1.0,1168.5,1169.5,1166.0,1167.0,26756400.0
2024-11-13,02220,2331.0,2389.0,2324.0,2382.0,12003500.0,28388278000.0,1.0,1165.5,1194.5,1162.0,1191.0,24007000.0
2024-11-14,02220,2382.0,2382.0,2369.0,2369.0,8185600.0,19427157000.0,1.0,1191.0,1191.0,1184.5,1184.5,16371200.0
2024-11-15,02220,2370.0,2377.0,2336.0,2343.0,7501900.0,17644469000.0,1.0,1185.0,1188.5,1168.0,1171.5,15003800.0
2024-11-18,02220,2345.0,2346.0,2297.0,2298.0,15548000.0,35972889000.0,1.0,1172.5,1173.0,1148.5,1149.0,31096000.0
2024-11-19,02220,2299.0,2300.0,2242.0,2243.0,15170000.0,34309483000.0,1.0,1149.5,1150.0,1121.0,1121.5,30340000.0
2024-11-20,02220,2247.0,2252.0,2206.0,2210.0,9582300.0,21298259000.0,1.0,1123.5,1126.0,1103.0,1105.0,19164600.0
2024-11-21,02220,2212.0,2221.0,2174.0,2183.0,11465200.0,25139362000.0,1.0,1106.0,1110.5,1087.0,1091.5,22930400.0
2024-11-22,02220,2187.0,2195.0,2185.0,2193.0,13688400.0,29991284000.0,1.0,1093.5,1097.5,1092.5,1096.5,27376800.0
2024-11-25,02220,2194.0,2203.0,2187.0,2196.0,7783600.0,17087597000.0,1.0,1097.0,1101.5,1093.5,1098.0,15567200.0
2024-11-26,02220,2199.0,2205.0,2128.0,2134.0,12836000.0,27670137000.0,1.0,1099.5,1102.5,1064.0,1067.0,25672000.0
2024-11-27,02220,2132.0,2184.0,2132.0,2184.0,17868500.0,38715083000.0,1.0,1066.0,1092.0,1066.0,1092.0,35737000.0
2024-11-28,02220,2181.0,2183.0,2151.0,2153.0,13217500.0,28580641000.0,1.0,1090.5,1091.5,1075.5,1076.5,26435000.0
2024-11-29,02220,2153.0,2171.0,2151.0,2169.0,15525800.0,33592656000.0,1.0,1076.5,1085.5,1075.5,1084.5,31051600.0
2024-12-02,02220,2169.0,2171.0,2099.0,2101.0,17136100.0,36391364000.0,1.0,1084.5,1085.5,1049.5,1050.5,34272200.0
2024-12-03,02220,2100.0,2105.0,2038.0,2043.0,13038700.0,26885799000.0,1.0,1050.0,1052.5,1019.0,1021.5,26077400.0
2024-12-04,02220,2041.0,2079.0,2040.0,2078.0,10178200.0,21024768000.0,1.0,1020.5,1039.5,1020.0,1039.0,20356400.0
2024-12-05,02220,2081.0,2098.0,2077.0,2094.0,13500300.0,28211127000.0,1.0,1040.5,1049.0,1038.5,1047.0,27000600.0
2024-12-06,02220,2097.0,2101.0,2090.0,2094.0,13875400.0,29068963000.0,1.0,1048.5,1050.5,1045.0,1047.0,27750800.0
2024-12-09,02220,2092.0,2139.0,2090.0,2137.0,10368700.0,22002381000.0,1.0,1046.0,1069.5,1045.0,1068.5,20737400.0
2024-12-10,02220,2135.0,2166.0,2134.0,2165.0,11787300.0,25401632000.0,1.0,1067.5,1083.0,1067.0,1082.5,23574600.0
2024-12-11,02220,2168.0,2174.0,2121.0,2127.0,9520600.0,20380431000.0,1.0,1084.0,1087.0,1060.5,1063.5,19041200.0
2024-12-12,02220,2127.0,2129.0,2073.0,2075.0,17676600.0,36985339000.0,1.0,1063.5,1064.5,1036.5,1037.5,35353200.0
2024-12-13,02220,2073.0,2108.0,2067.0,2102.0,8347600.0,17465962000.0,1.0,1036.5,1054.0,1033.5,1051.0,16695200.0
2024-12-16,02220,2101.0,2102.0,2042.0,2043.0,9472800.0,19536071000.0,1.0,1050.5,1051.0,1021.0,1021.5,18945600.0
2024-12-17,02220,2043.0,2082.0,2042.0,2081.0,9894400.0,20464917000.0,1.0,1021.5,1041.0,1021.0,1040.5,19788800.0
2024-12-18,02220,2082.0,2088.0,2082.0,2088.0,15600000.0,32541600000.0,1.0,1041.0,1044.0,1041.0,1044.0,31200000.0
2024-12-19,02220,2092.0,2095.0,2070.0,2073.0,19484000.0,40513731000.0,1.0,1046.0,1047.5,1035.0,1036.5,38968000.0
2024-12-20,02220,2070.0,2087.0,2069.0,2086.0,9266900.0,19281330000.0,1.0,1035.0,1043.5,1034.5,1043.0,18533800.0
2024-12-23,02220,2088.0,2090.0,2082.0,2084.0,12128300.0,25291548000.0,1.0,1044.0,1045.0,1041.0,1042.0,24256600.0
2024-12-24,02220,2086.0,2088.0,2078.0,2080.0,17622800.0,36690670000.0,1.0,1043.0,1044.0,1039.0,1040.0,35245600.0
2024-12-25,02220,2081.0,2140.0,2079.0,2138.0,9702900.0,20560445000.0,1.0,1040.5,1070.0,1039.5,1069.0,19405800.0
2024-12-26,02220,2138.0,2164.0,2129.0,2155.0,7508400.0,16138054000.0,1.0,1069.0,1082.0,1064.5,1077.5,15016800.0
2024-12-27,02220,2156.0,2175.0,2151.0,2170.0,11882100.0,25728707000.0,1.0,1078.0,1087.5,1075.5,1085.0,23764200.0
2024-12-30,02220,2169.0,2169.0,2131.0,2131.0,9848200.0,21111258000.0,1.0,1084.5,1084.5,1065.5,1065.5,19696400.0
2025-01-06,02220,2131.0,2173.0,2122.0,2164.0,16636300.0,35817954000.0,1.0,1065.5,1086.5,1061.0,1082.0,33272600.0
2025-01-07,02220,2163.0,2193.0,2160.0,2190.0,14755500.0,32181746000.0,1.0,1081.5,1096.5,1080.0,1095.0,29511000.0
2025-01-08,02220,2190.0,2192.0,2163.0,2165.0,20017900.0,43505569000.0,1.0,1095.0,1096.0,1081.5,1082.5,40035800.0
2025-01-09,02220,2160.0,2164.0,2139.0,2143.0,11290000.0,24258447000.0,1.0,1080.0,1082.0,1069.5,1071.5,22580000.0
2025-01-10,02220,2144.0,2189.0,2141.0,2186.0,7523000.0,16339956000.0,1.0,1072.0,1094.5,1070.5,1093.0,15046000.0
2025-01-13,02220,2184.0,2188.0,2178.0,2182.0,11867700.0,25903233000.0,1.0,1092.0,1094.0,1089.0,1091.0,23735400.0
2025-01-14,02220,2181.0,2185.0,2101.0,2105.0,17637700.0,37574180000.0,1.0,1090.5,1092.5,1050.5,1052.5,35275400.0
2025-01-15,02220,2102.0,2164.0,2096.0,2158.0,6512900.0,13933264000.0,1.0,1051.0,1082.0,1048.0,1079.0,13025800.0
2025-01-16,02220,2156.0,2159.0,2133.0,2136.0,12160700.0,26056327000.0,1.0,1078.0,1079.5,1066.5,1068.0,24321400.0
2025-01-17,02220,2141.0,2160.0,2138.0,2157.0,21625300.0,46530437000.0,1.0,1070.5,1080.0,1069.0,1078.5,43250600.0
2025-01-20,02220,2159.0,2196.0,2157.0,2194.0,8508100.0,18567510000.0,1.0,1079.5,1098.0,1078.5,1097.0,17016200.0
2025-01-21,02220,2190.0,2224.0,2184.0,2218.0,16280700.0,35958639000.0,1.0,1095.0,1112.0,1092.0,1109.0,32561400.0
2025-01-22,02220,2218.0,2223.0,2201.0,2206.0,6753500.0,14925235000.0,1.0,1109.0,1111.5,1100.5,1103.0,13507000.0
2025-01-23,02220,2211.0,2225.0,2163.0,2176.0,13465200.0,29461858000.0,1.0,1105.5,1112.5,1081.5,1088.0,26930400.0
2025-01-24,02220,2178.0,2237.0,2170.0,2229.0,13607000.0,30098684000.0,1.0,1089.0,1118.5,1085.0,1114.5,27214000.0
2025-01-27,02220,2229.0,2231.0,2168.0,2170.0,12169100.0,26646273000.0,1.0,1114.5,1115.5,1084.0,1085.0,24338200.0
2025-01-28,02220,2172.0,2200.0,2168.0,2196.0,14994400.0,32807747000.0,1.0,1086.0,1100.0,1084.0,1098.0,29988800.0
2025-01-29,02220,2196.0,2220.0,2194.0,2218.0,12995100.0,28727834000.0,1.0,1098.0,1110.0,1097.0,1109.0,25990200.0
2025-01-30,02220,2220.0,2227.0,2214.0,2221.0,18243900.0,40513621000.0,1.0,1110.0,1113.5,1107.0,1110.5,36487800.0
2025-01-31,02220,2219.0,2223.0,2185.0,2189.0,10102900.0,22216277000.0,1.0,1109.5,1111.5,1092.5,1094.5,20205800.0
2025-02-03,02220,2189.0,2239.0,2184.0,2233.0,18658200.0,41396326000.0,1.0,1094.5,1119.5,1092.0,1116.5,37316400.0
2025-02-04,02220,2230.0,2252.0,2229.0,2251.0,6625200.0,14866949000.0,1.0,1115.0,1126.0,1114.5,1125.5,13250400.0
2025-02-05,02220,2250.0,2250.0,2239.0,2239.0,26563200.0,59572403000.0,1.0,1125.0,1125.0,1119.5,1119.5,53126400.0
2025-02-06,02220,2241.0,2253.0,2240.0,2252.0,17704500.0,39805618000.0,1.0,1120.5,1126.5,1120.0,1126.0,35409000.0
2025-02-07,02220,2253.0,2255.0,2203.0,2205.0,18782700.0,41716377000.0,1.0,1126.5,1127.5,1101.5,1102.5,37565400.0
2025-02-10,02220,2205.0,2207.0,2143.0,2145.0,12966100.0,28071606000.0,1.0,1102.5,1103.5,1071.5,1072.5,25932200.0
2025-02-11,02220,2143.0,2150.0,2139.0,2146.0,11078000.0,23762310000.0,1.0,1071.5,1075.0,1069.5,1073.0,22156000.0
2025-02-12,02220,2144.0,2148.0,2136.0,2140.0,10806300.0,23139890000.0,1.0,1072.0,1074.0,1068.0,1070.0,21612600.0
2025-02-13,02220,2138.0,2175.0,2130.0,2167.0,20216600.0,43613945000.0,1.0,1069.0,1087.5,1065.0,1083.5,40433200.0
2025-02-14,02220,2166.0,2191.0,2164.0,2189.0,16839500.0,36732563000.0,1.0,1083.0,1095.5,1082.0,1094.5,33679000.0
2025-02-17,02220,2185.0,2192.0,2141.0,2148.0,15209500.0,32857590000.0,1.0,1092.5,1096.0,1070.5,1074.0,30419000.0
2025-02-18,02220,2151.0,2167.0,2151.0,2167.0,8389500.0,18135302000.0,1.0,1075.5,1083.5,1075.5,1083.5,16779000.0
2025-02-19,02220,2169.0,2174.0,2164.0,2169.0,13043200.0,28290701000.0,1.0,1084.5,1087.0,1082.0,1084.5,26086400.0
2025-02-20,02220,2169.0,2177.0,2136.0,2144.0,12711300.0,27358955000.0,1.0,1084.5,1088.5,1068.0,1072.0,25422600.0
2025-02-21,02220,2145.0,2168.0,2141.0,2164.0,11671900.0,25184070000.0,1.0,1072.5,1084.0,1070.5,1082.0,23343800.0
2025-02-24,02220,2164.0,2176.0,2162.0,2174.0,10290700.0,22337679000.0,1.0,1082.0,1088.0,1081.0,1087.0,20581400.0
2025-02-25,02220,2172.0,2179.0,2166.0,2173.0,7773500.0,16889224000.0,1.0,1086.0,1089.5,1083.0,1086.5,15547000.0
2025-02-26,02220,2169.0,2179.0,2128.0,2138.0,32705100.0,70261456000.0,1.0,1084.5,1089.5,1064.0,1069.0,65410200.0
2025-02-27,02220,2137.0,2142.0,2117.0,2122.0,14627500.0,31112692000.0,1.0,1068.5,1071.0,1058.5,1061.0,29255000.0
2025-02-28,02220,2120.0,2190.0,2119.0,2189.0,20093200.0,43521871000.0,1.0,1060.0,1095.0,1059.5,1094.5,40186400.0
2025-03-03,02220,2187.0,2193.0,2169.0,2175.0,6172000.0,13448788000.0,1.0,1093.5,1096.5,1084.5,1087.5,12344000.0
2025-03-04,02220,2180.0,2184.0,2134.0,2138.0,29577900.0,63651641000.0,1.0,1090.0,1092.0,1067.0,1069.0,59155800.0
2025-03-05,02220,2136.0,2140.0,2119.0,2123.0,7360000.0,15657173000.0,1.0,1068.0,1070.0,1059.5,1061.5,14720000.0
2025-03-06,02220,2122.0,2122.0,2118.0,2118.0,14664500.0,31078964000.0,1.0,1061.0,1061.0,1059.0,1059.0,29329000.0
2025-03-07,02220,2119.0,2188.0,2113.0,2182.0,11956400.0,25837780000.0,1.0,1059.5,1094.0,1056.5,1091.0,23912800.0
2025-03-10,02220,2180.0,2188.0,2125.0,2133.0,15790100.0,33927662000.0,1.0,1090.0,1094.0,1062.5,1066.5,31580200.0
2025-03-11,02220,2131.0,2132.0,2108.0,2109.0,12922100.0,27347471000.0,1.0,1065.5,1066.0,1054.0,1054.5,25844200.0
2025-03-12,02220,2106.0,2163.0,2104.0,2161.0,18396400.0,39417353000.0,1.0,1053.0,1081.5,1052.0,1080.5,36792800.0
2025-03-13,02220,2163.0,2187.0,2159.0,2183.0,8184800.0,17812853000.0,1.0,1081.5,1093.5,1079.5,1091.5,16369600.0
2025-03-14,02220,2181.0,2184.0,2157.0,2160.0,11717400.0,25391606000.0,1.0,1090.5,1092.0,1078.5,1080.0,23434800.0
2025-03-17,02220,2159.0,2167.0,2093.0,2101.0,12688300.0,26903425000.0,1.0,1079.5,1083.5,1046.5,1050.5,25376600.0
2025-03-18,02220,2100.0,2100.0,2069.0,2069.0,6787800.0,14114099000.0,1.0,1050.0,1050.0,1034.5,1034.5,13575600.0
2025-03-19,02220,2066.0,2128.0,2061.0,2122.0,6535700.0,13748934000.0,1.0,1033.0,1064.0,1030.5,1061.0,13071400.0
2025-03-20,02220,2120.0,2189.0,2113.0,2182.0,9092400.0,19651707000.0,1.0,1060.0,1094.5,1056.5,1091.0,18184800.0
2025-03-21,02220,2181.0,2192.0,2156.0,2167.0,15994300.0,34734288000.0,1.0,1090.5,1096.0,1078.0,1083.5,31988600.0
2025-03-24,02220,2168.0,2203.0,2164.0,2199.0,12806200.0,28028503000.0,1.0,1084.0,1101.5,1082.0,1099.5,25612400.0
2025-03-25,02220,2199.0,2204.0,2198.0,2203.0,23839000.0,52485532000.0,1.0,1099.5,1102.0,1099.0,1101.5,47678000.0
2025-03-26,02220,2208.0,2248.0,2197.0,2237.0,24820500.0,55283527000.0,1.0,1104.0,1124.0,1098.5,1118.5,49641000.0
2025-03-27,02220,2239.0,2241.0,2215.0,2217.0,9647600.0,21459478000.0,1.0,1119.5,1120.5,1107.5,1108.5,19295200.0
2025-03-28,02220,2219.0,2241.0,2217.0,2239.0,12979300.0,28974124000.0,1.0,1109.5,1120.5,1108.5,1119.5,25958600.0
2025-03-31,02220,2238.0,2243.0,2222.0,2227.0,9403300.0,20975628000.0,1.0,1119.0,1121.5,1111.0,1113.5,18806600.0
2025-04-01,02220,1113.0,1121.0,1109.0,1117.0,26871400.0,29979525000.0,0.5,1113.0,1121.0,1109.0,1117.0,26871400.0
2025-04-02,02220,1119.0,1120.0,1111.0,1112.0,22040800.0,24560798000.0,1.0,1119.0,1120.0,1111.0,1112.0,22040800.0
2025-04-03,02220,1112.0,1135.0,1110.0,1133.0,14814700.0,16681352000.0,1.0,1112.0,1135.0,1110.0,1133.0,14814700.0
2025-04-04,02220,1131.0,1173.0,1131.0,1173.0,18542200.0,21490410000.0,1.0,1131.0,1173.0,1131.0,1173.0,18542200.0
2025-04-07,02220,1171.0,1173.0,1145.0,1147.0,30184200.0,34862751000.0,1.0,1171.0,1173.0,1145.0,1147.0,30184200.0
2025-04-08,02220,1147.0,1161.0,1146.0,1160.0,20776000.0,24010131000.0,1.0,1147.0,1161.0,1146.0,1160.0,20776000.0
2025-04-09,02220,1159.0,1166.0,1157.0,1164.0,16550600.0,19237314000.0,1.0,1159.0,1166.0,1157.0,1164.0,16550600.0
2025-04-10,02220,1164.0,1166.0,1146.0,1148.0,44365600.0,51168325000.0,1.0,1164.0,1166.0,1146.0,1148.0,44365600.0
2025-04-11,02220,1148.0,1182.0,1144.0,1177.0,48549300.0,56689399000.0,1.0,1148.0,1182.0,1144.0,1177.0,48549300.0
2025-04-14,02220,1176.0,1179.0,1143.0,1146.0,22426500.0,25925034000.0,1.0,1176.0,1179.0,1143.0,1146.0,22426500.0
2025-04-15,02220,1145.0,1146.0,1113.0,1114.0,35889800.0,40352098000.0,1.0,1145.0,1146.0,1113.0,1114.0,35889800.0
2025-04-16,02220,1118.0,1130.0,1116.0,1128.0,35262600.0,39658671000.0,1.0,1118.0,1130.0,1116.0,1128.0,35262600.0
2025-04-17,02220,1127.0,1128.0,1109.0,1110.0,27767800.0,30979609000.0,1.0,1127.0,1128.0,1109.0,1110.0,27767800.0
2025-04-18,02220,1111.0,1112.0,1100.0,1101.0,13051400.0,14413096000.0,1.0,1111.0,1112.0,1100.0,1101.0,13051400.0
2025-04-21,02220,1101.0,1118.0,1101.0,1118.0,23442000.0,26075318000.0,1.0,1101.0,1118.0,1101.0,1118.0,23442000.0
2025-04-22,02220,1118.0,1122.0,1111.0,1115.0,31692000.0,35368272000.0,1.0,1118.0,1122.0,1111.0,1115.0,31692000.0
2025-04-23,02220,1114.0,1117.0,1082.0,1084.0,22932500.0,25095799000.0,1.0,1114.0,1117.0,1082.0,1084.0,22932500.0
2025-04-24,02220,1084.0,1087.0,1068.0,1071.0,44069500.0,47389402000.0,1.0,1084.0,1087.0,1068.0,1071.0,44069500.0
2025-04-25,02220,1071.0,1074.0,1066.0,1069.0,23952200.0,25620870000.0,1.0,1071.0,1074.0,1066.0,1069.0,23952200.0
2025-04-28,02220,1068.0,1073.0,1026.0,1031.0,24618700.0,25685510000.0,1.0,1068.0,1073.0,1026.0,1031.0,24618700.0
2025-04-29,02220,1030.0,1032.0,1007.0,1009.0,18493000.0,18788888000.0,1.0,1030.0,1032.0,1007.0,1009.0,18493000.0
2025-04-30,02220,1009.0,1032.0,1007.0,1030.0,23552100.0,24093798000.0,1.0,1009.0,1032.0,1007.0,1030.0,23552100.0
2025-05-01,02220,1031.0,1032.0,1028.0,1029.0,25729000.0,26492294000.0,1.0,1031.0,1032.0,1028.0,1029.0,25729000.0
2025-05-02,02220,1030.0,1057.0,1028.0,1055.0,24406400.0,25545365000.0,1.0,1030.0,1057.0,1028.0,1055.0,24406400.0
2025-05-05,02220,1054.0,1060.0,1053.0,1059.0,31912600.0,33742256000.0,1.0,1054.0,1060.0,1053.0,1059.0,31912600.0
2025-05-06,02220,1060.0,1068.0,1060.0,1068.0,42908100.0,45711429000.0,1.0,1060.0,1068.0,1060.0,1068.0,42908100.0
2025-05-07,02220,1069.0,1069.0,1028.0,1028.0,38475400.0,40078542000.0,1.0,1069.0,1069.0,1028.0,1028.0,38475400.0
2025-05-08,02220,1028.0,1038.0,1026.0,1036.0,40402100.0,41748837000.0,1.0,1028.0,1038.0,1026.0,1036.0,40402100.0
2025-05-09,02220,1036.0,1041.0,1017.0,1022.0,24474500.0,25127153000.0,1.0,1036.0,1041.0,1017.0,1022.0,24474500.0
2025-05-12,02220,1024.0,1026.0,1003.0,1005.0,12351300.0,12491281000.0,1.0,1024.0,1026.0,1003.0,1005.0,12351300.0
2025-05-13,02220,1003.0,1031.0,1000.0,1028.0,16235000.0,16554288000.0,1.0,1003.0,1031.0,1000.0,1028.0,16235000.0
2025-05-14,02220,1028.0,1055.0,1026.0,1053.0,18543400.0,19371672000.0,1.0,1028.0,1055.0,1026.0,1053.0,18543400.0
2025-05-15,02220,1054.0,1062.0,1049.0,1057.0,25148700.0,26557027000.0,1.0,1054.0,1062.0,1049.0,1057.0,25148700.0
2025-05-16,02220,1058.0,1060.0,1057.0,1059.0,14661600.0,15521747000.0,1.0,1058.0,1060.0,1057.0,1059.0,14661600.0
2025-05-19,02220,1058.0,1079.0,1058.0,1079.0,29626900.0,31760037000.0,1.0,1058.0,1079.0,1058.0,1079.0,29626900.0
2025-05-20,02220,1080.0,1082.0,1062.0,1064.0,22352200.0,23901953000.0,1.0,1080.0,1082.0,1062.0,1064.0,22352200.0
2025-05-21,02220,1063.0,1111.0,1061.0,1109.0,30998300.0,33901807000.0,1.0,1063.0,1111.0,1061.0,1109.0,30998300.0
2025-05-22,02220,1108.0,1109.0,1087.0,1088.0,41763100.0,45716673000.0,1.0,1108.0,1109.0,1087.0,1088.0,41763100.0
2025-05-23,02220,1088.0,1089.0,1085.0,1086.0,16589800.0,18027583000.0,1.0,1088.0,1089.0,1085.0,1086.0,16589800.0
2025-05-26,02220,1085.0,1089.0,1060.0,1064.0,28336000.0,30347856000.0,1.0,1085.0,1089.0,1060.0,1064.0,28336000.0
2025-05-27,02220,1064.0,1066.0,1060.0,1062.0,14516700.0,15426413000.0,1.0,1064.0,1066.0,1060.0,1062.0,14516700.0
2025-05-28,02220,1061.0,1107.0,1060.0,1106.0,21601100.0,23566800000.0,1.0,1061.0,1107.0,1060.0,1106.0,21601100.0
2025-05-29,02220,1107.0,1120.0,1106.0,1119.0,26845300.0,29932510000.0,1.0,1107.0,1120.0,1106.0,1119.0,26845300.0
2025-05-30,02220,1118.0,1133.0,1117.0,1132.0,23590300.0,26594132000.0,1.0,1118.0,1133.0,1117.0,1132.0,23590300.0
2025-06-02,02220,1131.0,1171.0,1129.0,1169.0,15465400.0,17883158000.0,1.0,1131.0,1171.0,1129.0,1169.0,15465400.0
2025-06-03,02220,1169.0,1173.0,1139.0,1143.0,26464900.0,30478743000.0,1.0,1169.0,1173.0,1139.0,1143.0,26464900.0
2025-06-04,02220,1142.0,1146.0,1142.0,1146.0,24630400.0,28193598000.0,1.0,1142.0,1146.0,1142.0,1146.0,24630400.0
2025-06-05,02220,1144.0,1144.0,1130.0,1130.0,19335400.0,21939234000.0,1.0,1144.0,1144.0,1130.0,1130.0,19335400.0
2025-06-06,02220,1130.0,1133.0,1080.0,1083.0,25441600.0,27951838000.0,1.0,1130.0,1133.0,1080.0,1083.0,25441600.0
2025-06-09,02220,1082.0,1104.0,1081.0,1103.0,30883400.0,33848206000.0,1.0,1082.0,1104.0,1081.0,1103.0,30883400.0
2025-06-10,02220,1103.0,1151.0,1102.0,1150.0,45577100.0,51699624000.0,1.0,1103.0,1151.0,1102.0,1150.0,45577100.0
2025-06-11,02220,1152.0,1164.0,1149.0,1161.0,22971400.0,26600881000.0,1.0,1152.0,1164.0,1149.0,1161.0,22971400.0
2025-06-12,02220,1161.0,1162.0,1132.0,1133.0,26793600.0,30607222000.0,1.0,1161.0,1162.0,1132.0,1133.0,26793600.0
2025-06-13,02220,1129.0,1165.0,1129.0,1165.0,11822300.0,13631112000.0,1.0,1129.0,1165.0,1129.0,1165.0,11822300.0
2025-06-16,02220,1165.0,1166.0,1144.0,1145.0,23791800.0,27400223000.0,1.0,1165.0,1166.0,1144.0,1145.0,23791800.0
2025-06-17,02220,1143.0,1165.0,1141.0,1163.0,24288500.0,28085602000.0,1.0,1143.0,1165.0,1141.0,1163.0,24288500.0
2025-06-18,02220,1160.0,1182.0,1156.0,1178.0,35419800.0,41512006000.0,1.0,1160.0,1182.0,1156.0,1178.0,35419800.0
2025-06-19,02220,1178.0,1179.0,1176.0,1177.0,23962100.0,28211379000.0,1.0,1178.0,1179.0,1176.0,1177.0,23962100.0
2025-06-20,02220,1177.0,1202.0,1176.0,1201.0,33012800.0,39384270000.0,1.0,1177.0,1202.0,1176.0,1201.0,33012800.0
2025-06-23,02220,1202.0,1206.0,1197.0,1201.0,15926200.0,19132675000.0,1.0,1202.0,1206.0,1197.0,1201.0,15926200.0
2025-06-24,02220,1202.0,1216.0,1199.0,1213.0,33807200.0,40884174000.0,1.0,1202.0,1216.0,1199.0,1213.0,33807200.0
2025-06-25,02220,1213.0,1266.0,1212.0,1265.0,45713400.0,57035085000.0,1.0,1213.0,1266.0,1212.0,1265.0,45713400.0
2025-06-26,02220,1267.0,1267.0,1240.0,1240.0,24109800.0,30113140000.0,1.0,1267.0,1267.0,1240.0,1240.0,24109800.0
2025-06-27,02220,1240.0,1240.0,1231.0,1231.0,20201400.0,24928528000.0,1.0,1240.0,1240.0,1231.0,1231.0,20201400.0
2025-06-30,02220,1228.0,1231.0,1213.0,1216.0,37987200.0,46344384000.0,1.0,1228.0,1231.0,1213.0,1216.0,37987200.0
2025-07-01,02220,1213.0,1218.0,1209.0,1214.0,24666600.0,29937030000.0,1.0,1213.0,1218.0,1209.0,1214.0,24666600.0
2025-07-02,02220,1214.0,1216.0,1202.0,1204.0,41556400.0,50172427000.0,1.0,1214.0,1216.0,1202.0,1204.0,41556400.0
2025-07-03,02220,1203.0,1242.0,1199.0,1238.0,38944000.0,47758325000.0,1.0,1203.0,1242.0,1199.0,1238.0,38944000.0
2025-07-04,02220,1238.0,1241.0,1212.0,1215.0,22218000.0,27165208000.0,1.0,1238.0,1241.0,1212.0,1215.0,22218000.0
2025-07-07,02220,1214.0,1235.0,1212.0,1233.0,31801400.0,39009717000.0,1.0,1214.0,1235.0,1212.0,1233.0,31801400.0
2025-07-08,02220,1231.0,1253.0,1228.0,1250.0,18935100.0,23548953000.0,1.0,1231.0,1253.0,1228.0,1250.0,18935100.0
2025-07-09,02220,1249.0,1266.0,1247.0,1264.0,9941800.0,12516726000.0,1.0,1249.0,1266.0,1247.0,1264.0,9941800.0
2025-07-10,02220,1265.0,1272.0,1237.0,1244.0,18514500.0,23161640000.0,1.0,1265.0,1272.0,1237.0,1244.0,18514500.0
2025-07-11,02220,1244.0,1263.0,1244.0,1263.0,18298100.0,22994612000.0,1.0,1244.0,1263.0,1244.0,1263.0,18298100.0
2025-07-14,02220,1262.0,1264.0,1258.0,1260.0,15575600.0,19635640000.0,1.0,1262.0,1264.0,1258.0,1260.0,15575600.0
2025-07-15,02220,1261.0,1291.0,1260.0,1290.0,11517200.0,14745855000.0,1.0,1261.0,1291.0,1260.0,1290.0,11517200.0
2025-07-16,02220,1290.0,1313.0,1282.0,1305.0,24779500.0,32213350000.0,1.0,1290.0,1313.0,1282.0,1305.0,24779500.0
2025-07-17,02220,1302.0,1329.0,1298.0,1325.0,32393600.0,42673169000.0,1.0,1302.0,1329.0,1298.0,1325.0,32393600.0
2025-07-18,02220,1325.0,1325.0,1315.0,1315.0,37447900.0,49368815000.0,1.0,1325.0,1325.0,1315.0,1315.0,37447900.0
2025-07-21,02220,1316.0,1322.0,1314.0,1320.0,23655400.0,31193587000.0,1.0,1316.0,1322.0,1314.0,1320.0,23655400.0
2025-07-22,02220,1320.0,1351.0,1318.0,1349.0,16093400.0,21554427000.0,1.0,1320.0,1351.0,1318.0,1349.0,16093400.0
2025-07-23,02220,1349.0,1354.0,1344.0,1349.0,33015600.0,44538044000.0,1.0,1349.0,1354.0,1344.0,1349.0,33015600.0
2025-07-24,02220,1350.0,1352.0,1320.0,1322.0,23265400.0,30974003000.0,1.0,1350.0,1352.0,1320.0,1322.0,23265400.0
2025-07-25,02220,1323.0,1411.0,1320.0,1407.0,19806900.0,27320317000.0,1.0,1323.0,1411.0,1320.0,1407.0,19806900.0
2025-07-28,02220,1405.0,1407.0,1380.0,1382.0,25688200.0,35698035000.0,1.0,1405.0,1407.0,1380.0,1382.0,25688200.0
2025-07-29,02220,1382.0,1386.0,1376.0,1380.0,27740500.0,38300384000.0,1.0,1382.0,1386.0,1376.0,1380.0,27740500.0
2025-07-30,02220,1379.0,1383.0,1347.0,1351.0,18619400.0,25328590000.0,1.0,1379.0,1383.0,1347.0,1351.0,18619400.0
2025-07-31,02220,1350.0,1351.0,1302.0,1303.0,24326100.0,32078017000.0,1.0,1350.0,1351.0,1302.0,1303.0,24326100.0
2025-08-01,02220,1303.0,1308.0,1278.0,1283.0,16944400.0,21852628000.0,1.0,1303.0,1308.0,1278.0,1283.0,16944400.0
2025-08-04,02220,1282.0,1299.0,1281.0,1298.0,20624700.0,26660862000.0,1.0,1282.0,1299.0,1281.0,1298.0,20624700.0
2025-08-05,02220,1298.0,1337.0,1297.0,1336.0,15307100.0,20256396000.0,1.0,1298.0,1337.0,1297.0,1336.0,15307100.0
2025-08-06,02220,1336.0,1389.0,1334.0,1387.0,29157900.0,39946323000.0,1.0,1336.0,1389.0,1334.0,1387.0,29157900.0
2025-08-07,02220,1385.0,1404.0,1383.0,1402.0,33983200.0,47451875000.0,1.0,1385.0,1404.0,1383.0,1402.0,33983200.0
2025-08-08,02220,1400.0,1450.0,1399.0,1449.0,27082300.0,38799908000.0,1.0,1400.0,1450.0,1399.0,1449.0,27082300.0
2025-08-11,02220,1447.0,1449.0,1409.0,1411.0,34643900.0,49298270000.0,1.0,1447.0,1449.0,1409.0,1411.0,34643900.0
2025-08-12,02220,1407.0,1408.0,1389.0,1390.0,15063300.0,21023346000.0,1.0,1407.0,1408.0,1389.0,1390.0,15063300.0
2025-08-13,02220,1391.0,1444.0,1387.0,1440.0,36609900.0,52120294000.0,1.0,1391.0,1444.0,1387.0,1440.0,36609900.0
2025-08-14,02220,1439.0,1465.0,1439.0,1465.0,20724800.0,30182217000.0,1.0,1439.0,1465.0,1439.0,1465.0,20724800.0
2025-08-15,02220,1465.0,1466.0,1454.0,1455.0,30820500.0,44946562000.0,1.0,1465.0,1466.0,1454.0,1455.0,30820500.0
2025-08-18,02220,1454.0,1454.0,1442.0,1442.0,24764300.0,35809178000.0,1.0,1454.0,1454.0,1442.0,1442.0,24764300.0
2025-08-19,02220,1443.0,1463.0,1437.0,1457.0,27310300.0,39663659000.0,1.0,1443.0,1463.0,1437.0,1457.0,27310300.0
2025-08-20,02220,1456.0,1481.0,1453.0,1478.0,29528200.0,43426139000.0,1.0,1456.0,1481.0,1453.0,1478.0,29528200.0
2025-08-21,02220,1478.0,1522.0,1478.0,1522.0,31198100.0,47025936000.0,1.0,1478.0,1522.0,1478.0,1522.0,31198100.0
2025-08-22,02220,1523.0,1524.0,1522.0,1523.0,37958800.0,57811252000.0,1.0,1523.0,1524.0,1522.0,1523.0,37958800.0
2025-08-25,02220,1527.0,1542.0,1523.0,1538.0,15085700.0,23146492000.0,1.0,1527.0,1542.0,1523.0,1538.0,15085700.0
2025-08-26,02220,1534.0,1541.0,1532.0,1539.0,22933400.0,35256280000.0,1.0,1534.0,1541.0,1532.0,1539.0,22933400.0
2025-08-27,02220,1537.0,1574.0,1529.0,1566.0,14942400.0,23255355000.0,1.0,1537.0,1574.0,1529.0,1566.0,14942400.0
2025-08-28,02220,1566.0,1596.0,1563.0,1593.0,20887000.0,33085008000.0,1.0,1566.0,1596.0,1563.0,1593.0,20887000.0
2025-08-29,02220,1592.0,1596.0,1573.0,1577.0,26041000.0,41196862000.0,1.0,1592.0,1596.0,1573.0,1577.0,26041000.0
2025-09-01,02220,1578.0,1610.0,1575.0,1607.0,28433900.0,45418416000.0,1.0,1578.0,1610.0,1575.0,1607.0,28433900.0
2025-09-02,02220,1605.0,1605.0,1549.0,1549.0,44962400.0,70486056000.0,1.0,1605.0,1605.0,1549.0,1549.0,44962400.0
2025-09-03,02220,1548.0,1562.0,1540.0,1554.0,26225300.0,40701666000.0,1.0,1548.0,1562.0,1540.0,1554.0,26225300.0
2025-09-04,02220,1556.0,1558.0,1538.0,1540.0,25301000.0,39098479000.0,1.0,1556.0,1558.0,1538.0,1540.0,25301000.0
2025-09-05,02220,1541.0,1549.0,1488.0,1496.0,21975400.0,33204829000.0,1.0,1541.0,1549.0,1488.0,1496.0,21975400.0
2025-09-08,02220,1495.0,1500.0,1464.0,1468.0,17555900.0,25935916000.0,1.0,1495.0,1500.0,1464.0,1468.0,17555900.0
2025-09-09,02220,1469.0,1471.0,1437.0,1439.0,17719000.0,25674831000.0,1.0,1469.0,1471.0,1437.0,1439.0,17719000.0
2025-09-10,02220,1439.0,1440.0,1429.0,1430.0,32458200.0,46512601000.0,1.0,1439.0,1440.0,1429.0,1430.0,32458200.0
2025-09-11,02220,1431.0,1436.0,1431.0,1436.0,32221600.0,46216515000.0,1.0,1431.0,1436.0,1431.0,1436.0,32221600.0
2025-09-12,02220,1435.0,1436.0,1417.0,1418.0,31276200.0,44526883000.0,1.0,1435.0,1436.0,1417.0,1418.0,31276200.0
2025-09-15,02220,1417.0,1432.0,1414.0,1429.0,34081000.0,48565425000.0,1.0,1417.0,1432.0,1414.0,1429.0,34081000.0
2025-09-16,02220,1430.0,1464.0,1427.0,1461.0,25876800.0,37538611000.0,1.0,1430.0,1464.0,1427.0,1461.0,25876800.0
2025-09-17,02220,1460.0,1463.0,1437.0,1440.0,27159100.0,39290165000.0,1.0,1460.0,1463.0,1437.0,1440.0,27159100.0
2025-09-18,02220,1439.0,1444.0,1404.0,1409.0,12633700.0,17927220000.0,1.0,1439.0,1444.0,1404.0,1409.0,12633700.0
2025-09-19,02220,1407.0,1471.0,1404.0,1468.0,29634200.0,42900444000.0,1.0,1407.0,1471.0,1404.0,1468.0,29634200.0
2025-09-22,02220,1469.0,1475.0,1465.0,1471.0,29514800.0,43396594000.0,1.0,1469.0,1475.0,1465.0,1471.0,29514800.0
2025-09-23,02220,1470.0,1475.0,1454.0,1459.0,22241400.0,32531754000.0,1.0,1470.0,1475.0,1454.0,1459.0,22241400.0
2025-09-24,02220,1459.0,1460.0,1442.0,1443.0,28901100.0,41858426000.0,1.0,1459.0,1460.0,1442.0,1443.0,28901100.0
2025-09-25,02220,1444.0,1457.0,1439.0,1452.0,31502100.0,45657044000.0,1.0,1444.0,1457.0,1439.0,1452.0,31502100.0
2025-09-26,02220,1455.0,1504.0,1448.0,1497.0,28947400.0,42928994000.0,1.0,1455.0,1504.0,1448.0,1497.0,28947400.0
2025-09-29,02220,1497.0,1527.0,1496.0,1526.0,21066100.0,31943230000.0,1.0,1497.0,1527.0,1496.0,1526.0,21066100.0
2025-09-30,02220,1527.0,1541.0,1525.0,1539.0,13856300.0,21269420000.0,1.0,1527.0,1541.0,1525.0,1539.0,13856300.0
2025-10-01,02220,1540.0,1546.0,1530.0,1536.0,20145000.0,30969580000.0,1.0,1540.0,1546.0,1530.0,1536.0,20145000.0
2025-10-02,02220,1534.0,1535.0,1513.0,1514.0,19618200.0,29832743000.0,1.0,1534.0,1535.0,1513.0,1514.0,19618200.0
2025-10-03,02220,1514.0,1520.0,1480.0,1486.0,26389700.0,39461398000.0,1.0,1514.0,1520.0,1480.0,1486.0,26389700.0
2025-10-06,02220,1486.0,1505.0,1484.0,1503.0,15901200.0,23809397000.0,1.0,1486.0,1505.0,1484.0,1503.0,15901200.0
2025-10-07,02220,1504.0,1505.0,1495.0,1496.0,12443800.0,18649108000.0,1.0,1504.0,1505.0,1495.0,1496.0,12443800.0
2025-10-08,02220,1496.0,1511.0,1493.0,1508.0,19508800.0,29341235000.0,1.0,1496.0,1511.0,1493.0,1508.0,19508800.0
2025-10-09,02220,1509.0,1540.0,1507.0,1538.0,16832200.0,25725212000.0,1.0,1509.0,1540.0,1507.0,1538.0,16832200.0
2025-10-10,02220,1538.0,1580.0,1536.0,1578.0,32668400.0,51115157000.0,1.0,1538.0,1580.0,1536.0,1578.0,32668400.0
2025-10-13,02220,1580.0,1582.0,1565.0,1567.0,14704900.0,23106300000.0,1.0,1580.0,1582.0,1565.0,1567.0,14704900.0
2025-10-14,02220,1570.0,1570.0,1526.0,1526.0,28697100.0,44212665000.0,1.0,1570.0,1570.0,1526.0,1526.0,28697100.0
2025-10-15,02220,1527.0,1574.0,1525.0,1572.0,16277600.0,25344223000.0,1.0,1527.0,1574.0,1525.0,1572.0,16277600.0
2025-10-16,02220,1571.0,1572.0,1539.0,1540.0,29706000.0,46054202000.0,1.0,1571.0,1572.0,1539.0,1540.0,29706000.0
2025-10-17,02220,1539.0,1548.0,1532.0,1541.0,34935200.0,53811853000.0,1.0,1539.0,1548.0,1532.0,1541.0,34935200.0
2025-10-20,02220,1544.0,1544.0,1536.0,1536.0,28890900.0,44453465000.0,1.0,1544.0,1544.0,1536.0,1536.0,28890900.0
2025-10-21,02220,1535.0,1573.0,1528.0,1566.0,23565200.0,36659596000.0,1.0,1535.0,1573.0,1528.0,1566.0,23565200.0
2025-10-22,02220,1564.0,1598.0,1560.0,1594.0,20082600.0,31810838000.0,1.0,1564.0,1598.0,1560.0,1594.0,20082600.0
2025-10-23,02220,1594.0,1624.0,1591.0,1621.0,22213000.0,35807356000.0,1.0,1594.0,1624.0,1591.0,1621.0,22213000.0
2025-10-24,02220,1621.0,1628.0,1606.0,1613.0,28379700.0,45852135000.0,1.0,1621.0,1628.0,1606.0,1613.0,28379700.0
2025-10-27,02220,1613.0,1616.0,1609.0,1612.0,30900400.0,49821745000.0,1.0,1613.0,1616.0,1609.0,1612.0,30900400.0
2025-10-28,02220,1612.0,1639.0,1608.0,1635.0,24005700.0,39065276000.0,1.0,1612.0,1639.0,1608.0,1635.0,24005700.0
2025-10-29,02220,1636.0,1637.0,1618.0,1619.0,42786600.0,69513963000.0,1.0,1636.0,1637.0,1618.0,1619.0,42786600.0
2025-10-30,02220,1619.0,1634.0,1617.0,1632.0,13942900.0,22694394000.0,1.0,1619.0,1634.0,1617.0,1632.0,13942900.0
2025-10-31,02220,1636.0,1643.0,1631.0,1638.0,14645900.0,23980220000.0,1.0,1636.0,1643.0,1631.0,1638.0,14645900.0
2025-11-03,02220,1639.0,1663.0,1636.0,1660.0,13587200.0,22459642000.0,1.0,1639.0,1663.0,1636.0,1660.0,13587200.0
2025-11-04,02220,1661.0,1669.0,1626.0,1634.0,13223800.0,21726703000.0,1.0,1661.0,1669.0,1626.0,1634.0,13223800.0
2025-11-05,02220,1636.0,1642.0,1603.0,1609.0,26161700.0,42329631000.0,1.0,1636.0,1642.0,1603.0,1609.0,26161700.0
2025-11-06,02220,1612.0,1628.0,1608.0,1624.0,21918900.0,35508618000.0,1.0,1612.0,1628.0,1608.0,1624.0,21918900.0
2025-11-07,02220,1626.0,1635.0,1583.0,1591.0,19518000.0,31287354000.0,1.0,1626.0,1635.0,1583.0,1591.0,19518000.0
2025-11-10,02220,1590.0,1591.0,1582.0,1583.0,13551200.0,21483169000.0,1.0,1590.0,1591.0,1582.0,1583.0,13551200.0
2025-11-11,02220,1582.0,1586.0,1557.0,1561.0,27199500.0,42648816000.0,1.0,1582.0,1586.0,1557.0,1561.0,27199500.0
2025-11-12,02220,1561.0,1562.0,1540.0,1541.0,22516800.0,34848501000.0,1.0,1561.0,1562.0,1540.0,1541.0,22516800.0
2025-11-13,02220,1538.0,1540.0,1515.0,1517.0,22061800.0,33622183000.0,1.0,1538.0,1540.0,1515.0,1517.0,22061800.0
2025-11-14,02220,1517.0,1529.0,1516.0,1528.0,20808300.0,31718785000.0,1.0,1517.0,1529.0,1516.0,1528.0,20808300.0
2025-11-17,02220,1528.0,1530.0,1526.0,1528.0,20704000.0,31635712000.0,1.0,1528.0,1530.0,1526.0,1528.0,20704000.0
2025-11-18,02220,1524.0,1555.0,1523.0,1553.0,41239500.0,63660042000.0,1.0,1524.0,1555.0,1523.0,1553.0,41239500.0
2025-11-19,02220,1555.0,1559.0,1552.0,1556.0,33543200.0,52182038000.0,1.0,1555.0,1559.0,1552.0,1556.0,33543200.0
2025-11-20,02220,1556.0,1567.0,1551.0,1562.0,45452500.0,70905900000.0,1.0,1556.0,1567.0,1551.0,1562.0,45452500.0
2025-11-21,02220,1562.0,1624.0,1555.0,1617.0,34614300.0,55336728000.0,1.0,1562.0,1624.0,1555.0,1617.0,34614300.0
2025-11-24,02220,1615.0,1661.0,1615.0,1661.0,19659300.0,32352655000.0,1.0,1615.0,1661.0,1615.0,1661.0,19659300.0
2025-11-25,02220,1658.0,1658.0,1653.0,1653.0,38133600.0,63098397000.0,1.0,1658.0,1658.0,1653.0,1653.0,38133600.0
2025-11-26,02220,1652.0,1659.0,1648.0,1655.0,40003100.0,66165127000.0,1.0,1652.0,1659.0,1648.0,1655.0,40003100.0
2025-11-27,02220,1658.0,1694.0,1654.0,1689.0,32264100.0,54171424000.0,1.0,1658.0,1694.0,1654.0,1689.0,32264100.0
2025-11-28,02220,1688.0,1689.0,1633.0,1634.0,31117000.0,51405284000.0,1.0,1688.0,1689.0,1633.0,1634.0,31117000.0
2025-12-01,02220,1633.0,1633.0,1628.0,1628.0,35164600.0,57306576000.0,1.0,1633.0,1633.0,1628.0,1628.0,35164600.0
2025-12-02,02220,1628.0,1630.0,1615.0,1617.0,37282900.0,60423153000.0,1.0,1628.0,1630.0,1615.0,1617.0,37282900.0
2025-12-03,02220,1616.0,1618.0,1578.0,1580.0,20207200.0,32169862000.0,1.0,1616.0,1618.0,1578.0,1580.0,20207200.0
2025-12-04,02220,1579.0,1582.0,1574.0,1577.0,40186100.0,63400270000.0,1.0,1579.0,1582.0,1574.0,1577.0,40186100.0
2025-12-05,02220,1580.0,1588.0,1518.0,1526.0,32230700.0,49764201000.0,1.0,1580.0,1588.0,1518.0,1526.0,32230700.0
2025-12-08,02220,1524.0,1599.0,1523.0,1598.0,26275900.0,41340749000.0,1.0,1524.0,1599.0,1523.0,1598.0,26275900.0
2025-12-09,02220,1595.0,1598.0,1593.0,1596.0,23468600.0,37448063000.0,1.0,1595.0,1598.0,1593.0,1596.0,23468600.0
2025-12-10,02220,1598.0,1599.0,1595.0,1596.0,14666700.0,23417831000.0,1.0,1598.0,1599.0,1595.0,1596.0,14666700.0
2025-12-11,02220,1599.0,1602.0,1549.0,1552.0,30131700.0,47236462000.0,1.0,1599.0,1602.0,1549.0,1552.0,30131700.0
2025-12-12,02220,1553.0,1558.0,1552.0,1557.0,20065900.0,31215852000.0,1.0,1553.0,1558.0,1552.0,1557.0,20065900.0
2025-12-15,02220,1554.0,1619.0,1552.0,1616.0,25208900.0,40225001000.0,1.0,1554.0,1619.0,1552.0,1616.0,25208900.0
2025-12-16,02220,1617.0,1619.0,1606.0,1608.0,15191800.0,24473990000.0,1.0,1617.0,1619.0,1606.0,1608.0,15191800.0
2025-12-17,02220,1609.0,1646.0,1599.0,1636.0,25923500.0,42177534000.0,1.0,1609.0,1646.0,1599.0,1636.0,25923500.0
2025-12-18,02220,1633.0,1671.0,1631.0,1669.0,20499600.0,33967837000.0,1.0,1633.0,1671.0,1631.0,1669.0,20499600.0
2025-12-19,02220,1668.0,1668.0,1585.0,1585.0,9429400.0,15206479000.0,1.0,1668.0,1668.0,1585.0,1585.0,9429400.0
2025-12-22,02220,1582.0,1585.0,1569.0,1572.0,21923600.0,34536978000.0,1.0,1582.0,1585.0,1569.0,1572.0,21923600.0
2025-12-23,02220,1574.0,1581.0,1556.0,1563.0,22944600.0,35946540000.0,1.0,1574.0,1581.0,1556.0,1563.0,22944600.0
2025-12-24,02220,1564.0,1565.0,1541.0,1542.0,31863100.0,49366563000.0,1.0,1564.0,1565.0,1541.0,1542.0,31863100.0
2025-12-25,02220,1545.0,1552.0,1494.0,1501.0,28224700.0,42779237000.0,1.0,1545.0,1552.0,1494.0,1501.0,28224700.0
2025-12-26,02220,1502.0,1504.0,1477.0,1479.0,29937300.0,44506786000.0,1.0,1502.0,1504.0,1477.0,1479.0,29937300.0
2025-12-29,02220,1479.0,1481.0,1430.0,1432.0,21488300.0,31107896000.0,1.0,1479.0,1481.0,1430.0,1432.0,21488300.0
2025-12-30,02220,1432.0,1444.0,1428.0,1440.0,17652800.0,25372958000.0,1.0,1432.0,1444.0,1428.0,1440.0,17652800.0
2024-01-04,03330,3398.0,3400.0,3398.0,3400.0,1512100.0,5140132000.0,1.0,3398.0,3400.0,3398.0,3400.0,1512100.0
2024-01-05,03330,3401.0,3452.0,3400.0,3451.0,3566900.0,12249924000.0,1.0,3401.0,3452.0,3400.0,3451.0,3566900.0
2024-01-08,03330,3451.0,3474.0,3445.0,3468.0,2464600.0,8533267000.0,1.0,3451.0,3474.0,3445.0,3468.0,2464600.0
2024-01-09,03330,3471.0,3474.0,3461.0,3464.0,2693700.0,9337262000.0,1.0,3471.0,3474.0,3461.0,3464.0,2693700.0
2024-01-10,03330,3460.0,3464.0,3444.0,3448.0,2946200.0,10170282000.0,1.0,3460.0,3464.0,3444.0,3448.0,2946200.0
2024-01-11,03330,3450.0,3503.0,3444.0,3497.0,2179700.0,7588262000.0,1.0,3450.0,3503.0,3444.0,3497.0,2179700.0
2024-01-12,03330,3498.0,3568.0,3497.0,3567.0,3342800.0,11846883000.0,1.0,3498.0,3568.0,3497.0,3567.0,3342800.0
2024-01-15,03330,3565.0,3613.0,3562.0,3610.0,2345300.0,8431354000.0,1.0,3565.0,3613.0,3562.0,3610.0,2345300.0
2024-01-16,03330,3608.0,3614.0,3580.0,3586.0,2564400.0,9214744000.0,1.0,3608.0,3614.0,3580.0,3586.0,2564400.0
2024-01-17,03330,3587.0,3591.0,3553.0,3557.0,2326700.0,8299339000.0,1.0,3587.0,3591.0,3553.0,3557.0,2326700.0
2024-01-18,03330,3557.0,3558.0,3528.0,3529.0,2293500.0,8115168000.0,1.0,3557.0,3558.0,3528.0,3529.0,2293500.0
2024-01-19,03330,3531.0,3568.0,3525.0,3562.0,1841800.0,6541460000.0,1.0,3531.0,3568.0,3525.0,3562.0,1841800.0
2024-01-22,03330,3559.0,3604.0,3550.0,3594.0,3887700.0,13928333000.0,1.0,3559.0,3604.0,3550.0,3594.0,3887700.0
2024-01-23,03330,3598.0,3604.0,3587.0,3593.0,2859100.0,10277511000.0,1.0,3598.0,3604.0,3587.0,3593.0,2859100.0
2024-01-24,03330,3592.0,3596.0,3549.0,3553.0,2493300.0,8891108000.0,1.0,3592.0,3596.0,3549.0,3553.0,2493300.0
2024-01-25,03330,3555.0,3561.0,3507.0,3513.0,1850700.0,6527419000.0,1.0,3555.0,3561.0,3507.0,3513.0,1850700.0
2024-01-26,03330,3516.0,3523.0,3482.0,3489.0,1626200.0,5688448000.0,1.0,3516.0,3523.0,3482.0,3489.0,1626200.0
2024-01-29,03330,3488.0,3524.0,3485.0,3521.0,3025400.0,10619154000.0,1.0,3488.0,3524.0,3485.0,3521.0,3025400.0
2024-01-30,03330,3521.0,3523.0,3512.0,3514.0,2458700.0,8645609000.0,1.0,3521.0,3523.0,3512.0,3514.0,2458700.0
2024-01-31,03330,3510.0,3531.0,3498.0,3519.0,2506300.0,8812151000.0,1.0,3510.0,3531.0,3498.0,3519.0,2506300.0
2024-02-01,03330,3521.0,3584.0,3521.0,3584.0,3046600.0,10855036000.0,1.0,3521.0,3584.0,3521.0,3584.0,3046600.0
2024-02-02,03330,3585.0,3589.0,3558.0,3562.0,2639900.0,9423563000.0,1.0,3585.0,3589.0,3558.0,3562.0,2639900.0
2024-02-05,03330,3560.0,3647.0,3551.0,3638.0,3903000.0,14097636000.0,1.0,3560.0,3647.0,3551.0,3638.0,3903000.0
2024-02-06,03330,3639.0,3698.0,3635.0,3694.0,1853400.0,6812481000.0,1.0,3639.0,3698.0,3635.0,3694.0,1853400.0
2024-02-07,03330,3698.0,3706.0,3697.0,3705.0,2466100.0,9131146000.0,1.0,3698.0,3706.0,3697.0,3705.0,2466100.0
2024-02-08,03330,3709.0,3805.0,3701.0,3797.0,2847200.0,10727301000.0,1.0,3709.0,3805.0,3701.0,3797.0,2847200.0
2024-02-09,03330,3799.0,3801.0,3718.0,3720.0,1670000.0,6256377000.0,1.0,3799.0,3801.0,3718.0,3720.0,1670000.0
2024-02-12,03330,3721.0,3729.0,3721.0,3729.0,5051700.0,18824318000.0,1.0,3721.0,3729.0,3721.0,3729.0,5051700.0
2024-02-13,03330,3727.0,3745.0,3726.0,3744.0,2091700.0,7819472000.0,1.0,3727.0,3745.0,3726.0,3744.0,2091700.0
2024-02-14,03330,3742.0,3769.0,3738.0,3765.0,1761800.0,6619670000.0,1.0,3742.0,3769.0,3738.0,3765.0,1761800.0
2024-02-15,03330,3768.0,3778.0,3760.0,3770.0,2140900.0,8069766000.0,1.0,3768.0,3778.0,3760.0,3770.0,2140900.0
2024-02-16,03330,3772.0,3775.0,3735.0,3738.0,1073100.0,4023410000.0,1.0,3772.0,3775.0,3735.0,3738.0,1073100.0
2024-02-19,03330,3740.0,3804.0,3736.0,3800.0,3091600.0,11686248000.0,1.0,3740.0,3804.0,3736.0,3800.0,3091600.0
2024-02-20,03330,3801.0,3835.0,3793.0,3827.0,2243500.0,8566431000.0,1.0,3801.0,3835.0,3793.0,3827.0,2243500.0
2024-02-21,03330,3823.0,3906.0,3818.0,3901.0,2502300.0,9696412000.0,1.0,3823.0,3906.0,3818.0,3901.0,2502300.0
2024-02-22,03330,3900.0,3936.0,3897.0,3933.0,1943800.0,7623584000.0,1.0,3900.0,3936.0,3897.0,3933.0,1943800.0
2024-02-23,03330,3931.0,3939.0,3911.0,3919.0,3751500.0,14717134000.0,1.0,3931.0,3939.0,3911.0,3919.0,3751500.0
2024-02-26,03330,3920.0,3922.0,3813.0,3815.0,2278900.0,8773765000.0,1.0,3920.0,3922.0,3813.0,3815.0,2278900.0
2024-02-27,03330,3815.0,3824.0,3808.0,3817.0,1729500.0,6600348000.0,1.0,3815.0,3824.0,3808.0,3817.0,1729500.0
2024-02-28,03330,3817.0,3836.0,3812.0,3831.0,4552100.0,17417852000.0,1.0,3817.0,3836.0,3812.0,3831.0,4552100.0
2024-02-29,03330,3835.0,3837.0,3787.0,3789.0,2369200.0,9013227000.0,1.0,3835.0,3837.0,3787.0,3789.0,2369200.0
2024-03-01,03330,3794.0,3806.0,3789.0,3801.0,2195900.0,8341492000.0,1.0,3794.0,3806.0,3789.0,3801.0,2195900.0
2024-03-04,03330,3803.0,3810.0,3764.0,3770.0,3221000.0,12179675000.0,1.0,3803.0,3810.0,3764.0,3770.0,3221000.0
2024-03-05,03330,3769.0,3796.0,3761.0,3788.0,2464600.0,9320296000.0,1.0,3769.0,3796.0,3761.0,3788.0,2464600.0
2024-03-06,03330,3789.0,3792.0,3755.0,3758.0,1497700.0,5643833000.0,1.0,3789.0,3792.0,3755.0,3758.0,1497700.0
2024-03-07,03330,3760.0,3829.0,3756.0,3825.0,4621600.0,17577485000.0,1.0,3760.0,3829.0,3756.0,3825.0,4621600.0
2024-03-08,03330,3819.0,3830.0,3817.0,3828.0,3510800.0,13428810000.0,1.0,3819.0,3830.0,3817.0,3828.0,3510800.0
2024-03-11,03330,3828.0,3881.0,3814.0,3866.0,2002800.0,7718124000.0,1.0,3828.0,3881.0,3814.0,3866.0,2002800.0
2024-03-12,03330,3864.0,3870.0,3835.0,3841.0,3285300.0,12644025000.0,1.0,3864.0,3870.0,3835.0,3841.0,3285300.0
2024-03-13,03330,3837.0,3842.0,3823.0,3828.0,3268300.0,12520857000.0,1.0,3837.0,3842.0,3823.0,3828.0,3268300.0
2024-03-14,03330,3829.0,3866.0,3826.0,3863.0,2102600.0,8098514000.0,1.0,3829.0,3866.0,3826.0,3863.0,2102600.0
2024-03-15,03330,3862.0,3862.0,3839.0,3839.0,2445200.0,9405869000.0,1.0,3862.0,3862.0,3839.0,3839.0,2445200.0
2024-03-18,03330,3847.0,3852.0,3831.0,3836.0,2858400.0,10975303000.0,1.0,3847.0,3852.0,3831.0,3836.0,2858400.0
2024-03-19,03330,3835.0,3840.0,3805.0,3810.0,2424600.0,9257931000.0,1.0,3835.0,3840.0,3805.0,3810.0,2424600.0
2024-03-20,03330,3816.0,3819.0,3742.0,3745.0,2867200.0,10805521000.0,1.0,3816.0,3819.0,3742.0,3745.0,2867200.0
2024-03-21,03330,3751.0,3763.0,3749.0,3761.0,1158700.0,4354008000.0,1.0,3751.0,3763.0,3749.0,3761.0,1158700.0
2024-03-22,03330,3759.0,3798.0,3757.0,3795.0,1574300.0,5956102000.0,1.0,3759.0,3798.0,3757.0,3795.0,1574300.0
2024-03-25,03330,3794.0,3797.0,3776.0,3779.0,2994700.0,11331945000.0,1.0,3794.0,3797.0,3776.0,3779.0,2994700.0
2024-03-26,03330,3781.0,3877.0,3776.0,3872.0,3363300.0,12920678000.0,1.0,3781.0,3877.0,3776.0,3872.0,3363300.0
2024-03-27,03330,3873.0,3894.0,3867.0,3888.0,1823700.0,7081427000.0,1.0,3873.0,3894.0,3867.0,3888.0,1823700.0
2024-03-28,03330,3884.0,3890.0,3883.0,3889.0,4538100.0,17641107000.0,1.0,3884.0,3890.0,3883.0,3889.0,4538100.0
2024-03-29,03330,3890.0,3892.0,3822.0,3824.0,2048500.0,7878531000.0,1.0,3890.0,3892.0,3822.0,3824.0,2048500.0
2024-04-01,03330,3825.0,3829.0,3776.0,3780.0,3697900.0,14033530000.0,1.0,3825.0,3829.0,3776.0,3780.0,3697900.0
2024-04-02,03330,3785.0,3803.0,3784.0,3802.0,4352800.0,16524680000.0,1.0,3785.0,3803.0,3784.0,3802.0,4352800.0
2024-04-03,03330,3802.0,3836.0,3800.0,3834.0,2511300.0,9601537000.0,1.0,3802.0,3836.0,3800.0,3834.0,2511300.0
2024-04-04,03330,3834.0,3858.0,3827.0,3851.0,1657000.0,6371717000.0,1.0,3834.0,3858.0,3827.0,3851.0,1657000.0
2024-04-05,03330,3849.0,3852.0,3800.0,3803.0,3086600.0,11785668000.0,1.0,3849.0,3852.0,3800.0,3803.0,3086600.0
2024-04-08,03330,3799.0,3803.0,3710.0,3714.0,1813500.0,6786722000.0,1.0,3799.0,3803.0,3710.0,3714.0,1813500.0
2024-04-09,03330,3718.0,3718.0,3703.0,3703.0,1387700.0,5145592000.0,1.0,3718.0,3718.0,3703.0,3703.0,1387700.0
2024-04-10,03330,3698.0,3776.0,3694.0,3772.0,2544600.0,9535464000.0,1.0,3698.0,3776.0,3694.0,3772.0,2544600.0
2024-04-11,03330,3774.0,3802.0,3771.0,3799.0,4328700.0,16408659000.0,1.0,3774.0,3802.0,3771.0,3799.0,4328700.0
2024-04-12,03330,3796.0,3820.0,3791.0,3815.0,3187700.0,12140887000.0,1.0,3796.0,3820.0,3791.0,3815.0,3187700.0
2024-04-15,03330,3813.0,3855.0,3808.0,3850.0,2916900.0,11194090000.0,1.0,3813.0,3855.0,3808.0,3850.0,2916900.0
2024-04-16,03330,3849.0,3854.0,3848.0,3853.0,2918100.0,11239548000.0,1.0,3849.0,3854.0,3848.0,3853.0,2918100.0
2024-04-17,03330,3855.0,3864.0,3764.0,3772.0,1448600.0,5504680000.0,1.0,3855.0,3864.0,3764.0,3772.0,1448600.0
2024-04-18,03330,3777.0,3799.0,3775.0,3797.0,1295000.0,4908482000.0,1.0,3777.0,3799.0,3775.0,3797.0,1295000.0
2024-04-19,03330,3796.0,3799.0,3789.0,3792.0,2191300.0,8312331000.0,1.0,3796.0,3799.0,3789.0,3792.0,2191300.0
2024-04-22,03330,3789.0,3797.0,3687.0,3695.0,2829500.0,10543660000.0,1.0,3789.0,3797.0,3687.0,3695.0,2829500.0
2024-04-23,03330,3696.0,3732.0,3693.0,3729.0,3291100.0,12236310000.0,1.0,3696.0,3732.0,3693.0,3729.0,3291100.0
2024-04-24,03330,3733.0,3735.0,3628.0,3630.0,3900900.0,14294198000.0,1.0,3733.0,3735.0,3628.0,3630.0,3900900.0
2024-04-25,03330,3629.0,3647.0,3629.0,3647.0,1882600.0,6854547000.0,1.0,3629.0,3647.0,3629.0,3647.0,1882600.0
2024-04-26,03330,3645.0,3647.0,3629.0,3631.0,1763100.0,6410044000.0,1.0,3645.0,3647.0,3629.0,3631.0,1763100.0
2024-04-29,03330,3629.0,3630.0,3609.0,3610.0,1614700.0,5839293000.0,1.0,3629.0,3630.0,3609.0,3610.0,1614700.0
2024-04-30,03330,3608.0,3612.0,3582.0,3586.0,1678900.0,6032847000.0,1.0,3608.0,3612.0,3582.0,3586.0,1678900.0
2024-05-01,03330,3582.0,3608.0,3573.0,3599.0,2262200.0,8128839000.0,1.0,3582.0,3608.0,3573.0,3599.0,2262200.0
2024-05-02,03330,3598.0,3627.0,3594.0,3623.0,2813200.0,10168780000.0,1.0,3598.0,3627.0,3594.0,3623.0,2813200.0
2024-05-03,03330,3627.0,3703.0,3626.0,3702.0,1508200.0,5545651000.0,1.0,3627.0,3703.0,3626.0,3702.0,1508200.0
2024-05-06,03330,3698.0,3760.0,3683.0,3745.0,2258600.0,8423072000.0,1.0,3698.0,3760.0,3683.0,3745.0,2258600.0
2024-05-07,03330,3746.0,3804.0,3744.0,3802.0,2887400.0,10923997000.0,1.0,3746.0,3804.0,3744.0,3802.0,2887400.0
2024-05-08,03330,3801.0,3803.0,3751.0,3753.0,2004000.0,7553076000.0,1.0,3801.0,3803.0,3751.0,3753.0,2004000.0
2024-05-09,03330,3754.0,3756.0,3739.0,3741.0,2736000.0,10247232000.0,1.0,3754.0,3756.0,3739.0,3741.0,2736000.0
2024-05-10,03330,3744.0,3750.0,3735.0,3741.0,2323800.0,8695660000.0,1.0,3744.0,3750.0,3735.0,3741.0,2323800.0
2024-05-13,03330,3741.0,3745.0,3719.0,3723.0,4326700.0,16134264000.0,1.0,3741.0,3745.0,3719.0,3723.0,4326700.0
2024-05-14,03330,3727.0,3733.0,3708.0,3714.0,2272200.0,8448797000.0,1.0,3727.0,3733.0,3708.0,3714.0,2272200.0
2024-05-15,03330,3714.0,3782.0,3710.0,3778.0,2120900.0,7967514000.0,1.0,3714.0,3782.0,3710.0,3778.0,2120900.0
2024-05-16,03330,3782.0,3815.0,3782.0,3815.0,1774400.0,6749818000.0,1.0,3782.0,3815.0,3782.0,3815.0,1774400.0
2024-05-17,03330,3812.0,3878.0,3808.0,3873.0,2480300.0,9556596000.0,1.0,3812.0,3878.0,3808.0,3873.0,2480300.0
2024-05-20,03330,3876.0,3893.0,3874.0,3891.0,2041900.0,7934823000.0,1.0,3876.0,3893.0,3874.0,3891.0,2041900.0
2024-05-21,03330,3892.0,3900.0,3861.0,3869.0,2349600.0,9108616000.0,1.0,3892.0,3900.0,3861.0,3869.0,2349600.0
2024-05-22,03330,3871.0,3886.0,3867.0,3882.0,3988300.0,15467957000.0,1.0,3871.0,3886.0,3867.0,3882.0,3988300.0
2024-05-23,03330,3878.0,3924.0,3876.0,3922.0,1287300.0,5029910000.0,1.0,3878.0,3924.0,3876.0,3922.0,1287300.0
2024-05-24,03330,3925.0,3929.0,3918.0,3922.0,2885000.0,11317855000.0,1.0,3925.0,3929.0,3918.0,3922.0,2885000.0
2024-05-27,03330,3921.0,4018.0,3919.0,4016.0,2277500.0,9074319000.0,1.0,3921.0,4018.0,3919.0,4016.0,2277500.0
2024-05-28,03330,4016.0,4089.0,4016.0,4089.0,2499800.0,10160854000.0,1.0,4016.0,4089.0,4016.0,4089.0,2499800.0
2024-05-29,03330,4089.0,4111.0,4084.0,4106.0,2036800.0,8351559000.0,1.0,4089.0,4111.0,4084.0,4106.0,2036800.0
2024-05-30,03330,4108.0,4128.0,4101.0,4121.0,1743000.0,7175350000.0,1.0,4108.0,4128.0,4101.0,4121.0,1743000.0
2024-05-31,03330,4122.0,4188.0,4120.0,4186.0,2654600.0,11055524000.0,1.0,4122.0,4188.0,4120.0,4186.0,2654600.0
2024-06-03,03330,4184.0,4233.0,4184.0,4233.0,2741800.0,11561257000.0,1.0,4184.0,4233.0,4184.0,4233.0,2741800.0
2024-06-04,03330,4233.0,4303.0,4225.0,4295.0,1754700.0,7500173000.0,1.0,4233.0,4303.0,4225.0,4295.0,1754700.0
2024-06-05,03330,4294.0,4301.0,4204.0,4211.0,1739100.0,7371465000.0,1.0,4294.0,4301.0,4204.0,4211.0,1739100.0
2024-06-06,03330,4213.0,4222.0,4097.0,4106.0,2200400.0,9113323000.0,1.0,4213.0,4222.0,4097.0,4106.0,2200400.0
2024-06-07,03330,4104.0,4115.0,4092.0,4103.0,2881300.0,11822934000.0,1.0,4104.0,4115.0,4092.0,4103.0,2881300.0
2024-06-10,03330,4102.0,4103.0,4099.0,4100.0,2047600.0,8396525000.0,1.0,4102.0,4103.0,4099.0,4100.0,2047600.0
2024-06-11,03330,4100.0,4114.0,4016.0,4030.0,2152600.0,8725205000.0,1.0,4100.0,4114.0,4016.0,4030.0,2152600.0
2024-06-12,03330,4030.0,4086.0,4027.0,4083.0,3186800.0,12955404000.0,1.0,4030.0,4086.0,4027.0,4083.0,3186800.0
2024-06-13,03330,4085.0,4097.0,4063.0,4075.0,3642700.0,14856145000.0,1.0,4085.0,4097.0,4063.0,4075.0,3642700.0
2024-06-14,03330,4077.0,4082.0,4068.0,4073.0,2276100.0,9273590000.0,1.0,4077.0,4082.0,4068.0,4073.0,2276100.0
2024-06-17,03330,4070.0,4080.0,4031.0,4041.0,2121600.0,8593894000.0,1.0,4070.0,4080.0,4031.0,4041.0,2121600.0
2024-06-18,03330,4044.0,4050.0,3992.0,3998.0,1206600.0,4842488000.0,1.0,4044.0,4050.0,3992.0,3998.0,1206600.0
2024-06-19,03330,4000.0,4034.0,3995.0,4029.0,3645600.0,14652882000.0,1.0,4000.0,4034.0,3995.0,4029.0,3645600.0
2024-06-20,03330,4028.0,4031.0,4028.0,4031.0,2767200.0,11151816000.0,1.0,4028.0,4031.0,4028.0,4031.0,2767200.0
2024-06-21,03330,4026.0,4030.0,4021.0,4025.0,2173500.0,8749062000.0,1.0,4026.0,4030.0,4021.0,4025.0,2173500.0
2024-06-24,03330,4026.0,4031.0,4002.0,4007.0,2059700.0,8266263000.0,1.0,4026.0,4031.0,4002.0,4007.0,2059700.0
2024-06-25,03330,4007.0,4041.0,4001.0,4035.0,1554600.0,6258301000.0,1.0,4007.0,4041.0,4001.0,4035.0,1554600.0
2024-06-26,03330,4040.0,4068.0,4036.0,4064.0,5021100.0,20365582000.0,1.0,4040.0,4068.0,4036.0,4064.0,5021100.0
2024-06-27,03330,4060.0,4074.0,3992.0,4005.0,2584100.0,10397557000.0,1.0,4060.0,4074.0,3992.0,4005.0,2584100.0
2024-06-28,03330,4005.0,4016.0,4000.0,4011.0,2086100.0,8363175000.0,1.0,4005.0,4016.0,4000.0,4011.0,2086100.0
2024-07-01,03330,4012.0,4014.0,3923.0,3925.0,3549400.0,14034328000.0,1.0,4012.0,4014.0,3923.0,3925.0,3549400.0
2024-07-02,03330,3928.0,3948.0,3926.0,3946.0,2257300.0,8893762000.0,1.0,3928.0,3948.0,3926.0,3946.0,2257300.0
2024-07-03,03330,3946.0,3970.0,3942.0,3966.0,1928300.0,7634782000.0,1.0,3946.0,3970.0,3942.0,3966.0,1928300.0
2024-07-04,03330,3970.0,3981.0,3967.0,3978.0,1394300.0,5542807000.0,1.0,3970.0,3981.0,3967.0,3978.0,1394300.0
2024-07-05,03330,3977.0,3979.0,3901.0,3903.0,4057000.0,15934544000.0,1.0,3977.0,3979.0,3901.0,3903.0,4057000.0
2024-07-08,03330,3903.0,3908.0,3793.0,3798.0,4135600.0,15851755000.0,1.0,3903.0,3908.0,3793.0,3798.0,4135600.0
2024-07-09,03330,3803.0,3806.0,3756.0,3759.0,1537600.0,5802390000.0,1.0,3803.0,3806.0,3756.0,3759.0,1537600.0
2024-07-10,03330,3754.0,3756.0,3750.0,3752.0,3551200.0,13326470000.0,1.0,3754.0,3756.0,3750.0,3752.0,3551200.0
2024-07-11,03330,3751.0,3757.0,3693.0,3699.0,1307100.0,4857619000.0,1.0,3751.0,3757.0,3693.0,3699.0,1307100.0
2024-07-12,03330,3693.0,3697.0,3640.0,3644.0,3587100.0,13129982000.0,1.0,3693.0,3697.0,3640.0,3644.0,3587100.0
2024-07-15,03330,3645.0,3670.0,3637.0,3662.0,5047900.0,18456805000.0,1.0,3645.0,3670.0,3637.0,3662.0,5047900.0
2024-07-16,03330,3665.0,3670.0,3578.0,3583.0,2071100.0,7477361000.0,1.0,3665.0,3670.0,3578.0,3583.0,2071100.0
2024-07-17,03330,3586.0,3669.0,3582.0,3664.0,2532800.0,9215171000.0,1.0,3586.0,3669.0,3582.0,3664.0,2532800.0
2024-07-18,03330,3663.0,3711.0,3657.0,3705.0,4167900.0,15383719000.0,1.0,3663.0,3711.0,3657.0,3705.0,4167900.0
2024-07-19,03330,3702.0,3744.0,3699.0,3741.0,1863400.0,6946755000.0,1.0,3702.0,3744.0,3699.0,3741.0,1863400.0
2024-07-22,03330,3740.0,3772.0,3739.0,3771.0,6161000.0,23169467000.0,1.0,3740.0,3772.0,3739.0,3771.0,6161000.0
2024-07-23,03330,3767.0,3776.0,3747.0,3756.0,4198400.0,15784585000.0,1.0,3767.0,3776.0,3747.0,3756.0,4198400.0
2024-07-24,03330,3755.0,3763.0,3754.0,3762.0,1792600.0,6739578000.0,1.0,3755.0,3763.0,3754.0,3762.0,1792600.0
2024-07-25,03330,3766.0,3771.0,3759.0,3764.0,2632100.0,9908979000.0,1.0,3766.0,3771.0,3759.0,3764.0,2632100.0
2024-07-26,03330,3762.0,3859.0,3760.0,3857.0,2080400.0,7958223000.0,1.0,3762.0,3859.0,3760.0,3857.0,2080400.0
2024-07-29,03330,3856.0,3871.0,3851.0,3866.0,3173700.0,12258945000.0,1.0,3856.0,3871.0,3851.0,3866.0,3173700.0
2024-07-30,03330,3866.0,3875.0,3863.0,3872.0,2000800.0,7743096000.0,1.0,3866.0,3875.0,3863.0,3872.0,2000800.0
2024-07-31,03330,3874.0,3876.0,3847.0,3849.0,2597000.0,10017495000.0,1.0,3874.0,3876.0,3847.0,3849.0,2597000.0
2024-08-01,03330,3848.0,3884.0,3836.0,3872.0,5279400.0,20399602000.0,1.0,3848.0,3884.0,3836.0,3872.0,5279400.0
2024-08-02,03330,3873.0,3921.0,3866.0,3914.0,1936800.0,7554166000.0,1.0,3873.0,3921.0,3866.0,3914.0,1936800.0
2024-08-05,03330,,,,,0.0,0.0,1.0,,,,,0.0
2024-08-06,03330,3859.0,3929.0,3857.0,3927.0,1431400.0,5588663000.0,1.0,3859.0,3929.0,3857.0,3927.0,1431400.0
2024-08-07,03330,3931.0,3942.0,3883.0,3894.0,4059000.0,15855807000.0,1.0,3931.0,3942.0,3883.0,3894.0,4059000.0
2024-08-08,03330,3898.0,3904.0,3870.0,3876.0,2223900.0,8636145000.0,1.0,3898.0,3904.0,3870.0,3876.0,2223900.0
2024-08-09,03330,3875.0,3891.0,3840.0,3856.0,2103300.0,8123646000.0,1.0,3875.0,3891.0,3840.0,3856.0,2103300.0
2024-08-12,03330,3854.0,3884.0,3846.0,3875.0,1968900.0,7616362000.0,1.0,3854.0,3884.0,3846.0,3875.0,1968900.0
2024-08-13,03330,3873.0,3953.0,3864.0,3944.0,2384000.0,9346075000.0,1.0,3873.0,3953.0,3864.0,3944.0,2384000.0
2024-08-14,03330,3939.0,3949.0,3930.0,3940.0,5804400.0,22867401000.0,1.0,3939.0,3949.0,3930.0,3940.0,5804400.0
2024-08-15,03330,3941.0,3951.0,3937.0,3947.0,3067900.0,12102866000.0,1.0,3941.0,3951.0,3937.0,3947.0,3067900.0
2024-08-16,03330,3942.0,3989.0,3938.0,3985.0,1858800.0,7380675000.0,1.0,3942.0,3989.0,3938.0,3985.0,1858800.0
2024-08-19,03330,3985.0,4110.0,3980.0,4105.0,3007200.0,12224268000.0,1.0,3985.0,4110.0,3980.0,4105.0,3007200.0
2024-08-20,03330,4105.0,4220.0,4101.0,4216.0,1693000.0,7075047000.0,1.0,4105.0,4220.0,4101.0,4216.0,1693000.0
2024-08-21,03330,4215.0,4249.0,4211.0,4245.0,3677200.0,15572942000.0,1.0,4215.0,4249.0,4211.0,4245.0,3677200.0
2024-08-22,03330,4243.0,4245.0,4176.0,4178.0,3985900.0,16739451000.0,1.0,4243.0,4245.0,4176.0,4178.0,3985900.0
2024-08-23,03330,4179.0,4188.0,4106.0,4115.0,2316000.0,9579748000.0,1.0,4179.0,4188.0,4106.0,4115.0,2316000.0
2024-08-26,03330,4115.0,4133.0,4106.0,4124.0,2312600.0,9530225000.0,1.0,4115.0,4133.0,4106.0,4124.0,2312600.0
2024-08-27,03330,4125.0,4127.0,4010.0,4012.0,3473800.0,14067732000.0,1.0,4125.0,4127.0,4010.0,4012.0,3473800.0
2024-08-28,03330,4013.0,4047.0,4001.0,4035.0,1615800.0,6507904000.0,1.0,4013.0,4047.0,4001.0,4035.0,1615800.0
2024-08-29,03330,4038.0,4043.0,3996.0,4001.0,2712500.0,10886167000.0,1.0,4038.0,4043.0,3996.0,4001.0,2712500.0
2024-08-30,03330,4000.0,4033.0,3995.0,4028.0,3262900.0,13112507000.0,1.0,4000.0,4033.0,3995.0,4028.0,3262900.0
2024-09-02,03330,4028.0,4040.0,4028.0,4040.0,1847900.0,7458124000.0,1.0,4028.0,4040.0,4028.0,4040.0,1847900.0
2024-09-03,03330,4035.0,4071.0,4034.0,4070.0,2350500.0,9539112000.0,1.0,4035.0,4071.0,4034.0,4070.0,2350500.0
2024-09-04,03330,4072.0,4079.0,4018.0,4025.0,2023700.0,8177097000.0,1.0,4072.0,4079.0,4018.0,4025.0,2023700.0
2024-09-05,03330,4023.0,4086.0,4016.0,4079.0,1726300.0,7009353000.0,1.0,4023.0,4086.0,4016.0,4079.0,1726300.0
2024-09-06,03330,4079.0,4083.0,4010.0,4014.0,3174600.0,12811627000.0,1.0,4079.0,4083.0,4010.0,4014.0,3174600.0
2024-09-09,03330,4014.0,4018.0,3964.0,3968.0,1400700.0,5579455000.0,1.0,4014.0,4018.0,3964.0,3968.0,1400700.0
2024-09-10,03330,3975.0,3977.0,3951.0,3953.0,2019000.0,7995913000.0,1.0,3975.0,3977.0,3951.0,3953.0,2019000.0
2024-09-11,03330,3953.0,4050.0,3950.0,4047.0,1708700.0,6861570000.0,1.0,3953.0,4050.0,3950.0,4047.0,1708700.0
2024-09-12,03330,4048.0,4051.0,4005.0,4008.0,1857500.0,7469627000.0,1.0,4048.0,4051.0,4005.0,4008.0,1857500.0
2024-09-13,03330,4005.0,4007.0,3967.0,3969.0,3199000.0,12735219000.0,1.0,4005.0,4007.0,3967.0,3969.0,3199000.0
2024-09-16,03330,3969.0,4161.0,3967.0,4159.0,2790400.0,11428548000.0,1.0,3969.0,4161.0,3967.0,4159.0,2790400.0
2024-09-17,03330,4157.0,4169.0,4037.0,4048.0,3174100.0,12965140000.0,1.0,4157.0,4169.0,4037.0,4048.0,3174100.0
2024-09-18,03330,4047.0,4048.0,3960.0,3961.0,4447500.0,17744042000.0,1.0,4047.0,4048.0,3960.0,3961.0,4447500.0
2024-09-19,03330,3959.0,3980.0,3948.0,3969.0,3209000.0,12725824000.0,1.0,3959.0,3980.0,3948.0,3969.0,3209000.0
2024-09-20,03330,3966.0,3971.0,3954.0,3959.0,2737200.0,10842962000.0,1.0,3966.0,3971.0,3954.0,3959.0,2737200.0
2024-09-23,03330,3961.0,4030.0,3959.0,4028.0,4554700.0,18244610000.0,1.0,3961.0,4030.0,3959.0,4028.0,4554700.0
2024-09-24,03330,4032.0,4035.0,4011.0,4014.0,2957600.0,11889552000.0,1.0,4032.0,4035.0,4011.0,4014.0,2957600.0
2024-09-25,03330,4008.0,4056.0,3998.0,4045.0,3504800.0,14134858000.0,1.0,4008.0,4056.0,3998.0,4045.0,3504800.0
2024-09-26,03330,4047.0,4090.0,4035.0,4078.0,4065000.0,16535065000.0,1.0,4047.0,4090.0,4035.0,4078.0,4065000.0
2024-09-27,03330,4076.0,4082.0,4062.0,4068.0,2587400.0,10532443000.0,1.0,4076.0,4082.0,4062.0,4068.0,2587400.0
2024-09-30,03330,4069.0,4073.0,4030.0,4034.0,2448500.0,9905815000.0,1.0,4069.0,4073.0,4030.0,4034.0,2448500.0
2024-10-01,03330,4034.0,4094.0,4031.0,4091.0,3923700.0,15977306000.0,1.0,4034.0,4094.0,4031.0,4091.0,3923700.0
2024-10-02,03330,4093.0,4113.0,4088.0,4108.0,1722300.0,7066597000.0,1.0,4093.0,4113.0,4088.0,4108.0,1722300.0
2024-10-03,03330,4110.0,4113.0,4085.0,4088.0,1427600.0,5846498000.0,1.0,4110.0,4113.0,4085.0,4088.0,1427600.0
2024-10-04,03330,4088.0,4115.0,4084.0,4111.0,2914700.0,11959986000.0,1.0,4088.0,4115.0,4084.0,4111.0,2914700.0
2024-10-07,03330,4112.0,4186.0,4107.0,4181.0,2757500.0,11465685000.0,1.0,4112.0,4186.0,4107.0,4181.0,2757500.0
2024-10-08,03330,4184.0,4194.0,4143.0,4153.0,4024700.0,16756168000.0,1.0,4184.0,4194.0,4143.0,4153.0,4024700.0
2024-10-09,03330,4155.0,4277.0,4145.0,4266.0,1890000.0,7993440000.0,1.0,4155.0,4277.0,4145.0,4266.0,1890000.0
2024-10-10,03330,4267.0,4367.0,4267.0,4367.0,2456000.0,10643485000.0,1.0,4267.0,4367.0,4267.0,4367.0,2456000.0
2024-10-11,03330,4362.0,4390.0,4361.0,4389.0,2877500.0,12603450000.0,1.0,4362.0,4390.0,4361.0,4389.0,2877500.0
2024-10-14,03330,4390.0,4436.0,4381.0,4427.0,2917600.0,12880231000.0,1.0,4390.0,4436.0,4381.0,4427.0,2917600.0
2024-10-15,03330,4426.0,4431.0,4396.0,4401.0,1972200.0,8696087000.0,1.0,4426.0,4431.0,4396.0,4401.0,1972200.0
2024-10-16,03330,4403.0,4420.0,4396.0,4413.0,5593900.0,24667234000.0,1.0,4403.0,4420.0,4396.0,4413.0,5593900.0
2024-10-17,03330,4412.0,4437.0,4404.0,4429.0,1789600.0,7915997000.0,1.0,4412.0,4437.0,4404.0,4429.0,1789600.0
2024-10-18,03330,4428.0,4519.0,4421.0,4512.0,2960000.0,13272640000.0,1.0,4428.0,4519.0,4421.0,4512.0,2960000.0
2024-10-21,03330,4507.0,4524.0,4506.0,4523.0,2277700.0,10289889000.0,1.0,4507.0,4524.0,4506.0,4523.0,2277700.0
2024-10-22,03330,4527.0,4534.0,4483.0,4490.0,2223400.0,10010488000.0,1.0,4527.0,4534.0,4483.0,4490.0,2223400.0
2024-10-23,03330,4489.0,4519.0,4483.0,4513.0,3088700.0,13914594000.0,1.0,4489.0,4519.0,4483.0,4513.0,3088700.0
2024-10-24,03330,4512.0,4522.0,4485.0,4495.0,1395400.0,6280230000.0,1.0,4512.0,4522.0,4485.0,4495.0,1395400.0
2024-10-25,03330,4494.0,4506.0,4460.0,4472.0,2112200.0,9461248000.0,1.0,4494.0,4506.0,4460.0,4472.0,2112200.0
2024-10-28,03330,4473.0,4548.0,4473.0,4548.0,4473100.0,20231831000.0,1.0,4473.0,4548.0,4473.0,4548.0,4473100.0
2024-10-29,03330,4547.0,4631.0,4542.0,4625.0,1416400.0,6514496000.0,1.0,4547.0,4631.0,4542.0,4625.0,1416400.0
2024-10-30,03330,4625.0,4686.0,4615.0,4676.0,3279600.0,15279656000.0,1.0,4625.0,4686.0,4615.0,4676.0,3279600.0
2024-10-31,03330,4678.0,4682.0,4656.0,4660.0,1906600.0,8896196000.0,1.0,4678.0,4682.0,4656.0,4660.0,1906600.0
2024-11-01,03330,4656.0,4659.0,4585.0,4588.0,4603600.0,21225665000.0,1.0,4656.0,4659.0,4585.0,4588.0,4603600.0
2024-11-04,03330,4590.0,4597.0,4488.0,4495.0,3028000.0,13706747000.0,1.0,4590.0,4597.0,4488.0,4495.0,3028000.0
2024-11-05,03330,4494.0,4500.0,4463.0,4469.0,2628400.0,11768223000.0,1.0,4494.0,4500.0,4463.0,4469.0,2628400.0
2024-11-06,03330,4466.0,4476.0,4442.0,4452.0,1835700.0,8181103000.0,1.0,4466.0,4476.0,4442.0,4452.0,1835700.0
2024-11-07,03330,4453.0,4458.0,4407.0,4412.0,2512600.0,11119930000.0,1.0,4453.0,4458.0,4407.0,4412.0,2512600.0
2024-11-08,03330,4409.0,4410.0,4348.0,4349.0,2900800.0,12673595000.0,1.0,4409.0,4410.0,4348.0,4349.0,2900800.0
2024-11-11,03330,4346.0,4352.0,4344.0,4350.0,4123400.0,17931292000.0,1.0,4346.0,4352.0,4344.0,4350.0,4123400.0
2024-11-12,03330,4352.0,4416.0,4349.0,4413.0,2303000.0,10116311000.0,1.0,4352.0,4416.0,4349.0,4413.0,2303000.0
2024-11-13,03330,4417.0,4418.0,4330.0,4331.0,2998500.0,13072460000.0,1.0,4417.0,4418.0,4330.0,4331.0,2998500.0
2024-11-14,03330,4329.0,4340.0,4311.0,4322.0,1439200.0,6223581000.0,1.0,4329.0,4340.0,4311.0,4322.0,1439200.0
2024-11-15,03330,4321.0,4349.0,4321.0,4349.0,3023800.0,13122284000.0,1.0,4321.0,4349.0,4321.0,4349.0,3023800.0
2024-11-18,03330,4350.0,4446.0,4348.0,4444.0,3839000.0,16940227000.0,1.0,4350.0,4446.0,4348.0,4444.0,3839000.0
2024-11-19,03330,4443.0,4512.0,4433.0,4502.0,2710200.0,12148020000.0,1.0,4443.0,4512.0,4433.0,4502.0,2710200.0
2024-11-20,03330,4504.0,4513.0,4501.0,4510.0,2611900.0,11774445000.0,1.0,4504.0,4513.0,4501.0,4510.0,2611900.0
2024-11-21,03330,4508.0,4517.0,4459.0,4468.0,2029800.0,9096210000.0,1.0,4508.0,4517.0,4459.0,4468.0,2029800.0
2024-11-22,03330,4466.0,4488.0,4457.0,4479.0,3010900.0,13472774000.0,1.0,4466.0,4488.0,4457.0,4479.0,3010900.0
2024-11-25,03330,4478.0,4569.0,4478.0,4569.0,1877700.0,8522254000.0,1.0,4478.0,4569.0,4478.0,4569.0,1877700.0
2024-11-26,03330,4574.0,4577.0,4434.0,4437.0,2736700.0,12267714000.0,1.0,4574.0,4577.0,4434.0,4437.0,2736700.0
2024-11-27,03330,4438.0,4448.0,4414.0,4424.0,3330100.0,14747903000.0,1.0,4438.0,4448.0,4414.0,4424.0,3330100.0
2024-11-28,03330,4426.0,4501.0,4414.0,4489.0,1091500.0,4876822000.0,1.0,4426.0,4501.0,4414.0,4489.0,1091500.0
2024-11-29,03330,4495.0,4516.0,4481.0,4502.0,2098700.0,9443450000.0,1.0,4495.0,4516.0,4481.0,4502.0,2098700.0
2024-12-02,03330,4500.0,4528.0,4499.0,4527.0,1878100.0,8485256000.0,1.0,4500.0,4528.0,4499.0,4527.0,1878100.0
2024-12-03,03330,4529.0,4568.0,4513.0,4552.0,1998700.0,9082759000.0,1.0,4529.0,4568.0,4513.0,4552.0,1998700.0
2024-12-04,03330,4554.0,4556.0,4505.0,4507.0,2273100.0,10280474000.0,1.0,4554.0,4556.0,4505.0,4507.0,2273100.0
2024-12-05,03330,4499.0,4555.0,4496.0,4552.0,3559400.0,16139506000.0,1.0,4499.0,4555.0,4496.0,4552.0,3559400.0
2024-12-06,03330,4556.0,4560.0,4545.0,4549.0,3147400.0,14324867000.0,1.0,4556.0,4560.0,4545.0,4549.0,3147400.0
2024-12-09,03330,4545.0,4571.0,4540.0,4566.0,2438800.0,11118489000.0,1.0,4545.0,4571.0,4540.0,4566.0,2438800.0
2024-12-10,03330,4565.0,4578.0,4508.0,4521.0,3397100.0,15408113000.0,1.0,4565.0,4578.0,4508.0,4521.0,3397100.0
2024-12-11,03330,4517.0,4564.0,4515.0,4562.0,1254000.0,5701938000.0,1.0,4517.0,4564.0,4515.0,4562.0,1254000.0
2024-12-12,03330,4564.0,4577.0,4505.0,4518.0,1658300.0,7517627000.0,1.0,4564.0,4577.0,4505.0,4518.0,1658300.0
2024-12-13,03330,4520.0,4526.0,4513.0,4519.0,2742000.0,12392012000.0,1.0,4520.0,4526.0,4513.0,4519.0,2742000.0
2024-12-16,03330,4520.0,4551.0,4519.0,4550.0,3335600.0,15143624000.0,1.0,4520.0,4551.0,4519.0,4550.0,3335600.0
2024-12-17,03330,4547.0,4556.0,4536.0,4545.0,2597600.0,11807824000.0,1.0,4547.0,4556.0,4536.0,4545.0,2597600.0
2024-12-18,03330,4543.0,4608.0,4538.0,4603.0,1291100.0,5917111000.0,1.0,4543.0,4608.0,4538.0,4603.0,1291100.0
2024-12-19,03330,4604.0,4612.0,4585.0,4593.0,1260200.0,5792719000.0,1.0,4604.0,4612.0,4585.0,4593.0,1260200.0
2024-12-20,03330,4593.0,4599.0,4586.0,4592.0,4621400.0,21223009000.0,1.0,4593.0,4599.0,4586.0,4592.0,4621400.0
2024-12-23,03330,4593.0,4594.0,4500.0,4501.0,2837800.0,12859964000.0,1.0,4593.0,4594.0,4500.0,4501.0,2837800.0
2024-12-24,03330,4500.0,4511.0,4420.0,4431.0,2031300.0,9047410000.0,1.0,4500.0,4511.0,4420.0,4431.0,2031300.0
2024-12-25,03330,4431.0,4434.0,4423.0,4426.0,3159800.0,13990541000.0,1.0,4431.0,4434.0,4423.0,4426.0,3159800.0
2024-12-26,03330,4424.0,4425.0,4403.0,4404.0,2322700.0,10244655000.0,1.0,4424.0,4425.0,4403.0,4404.0,2322700.0
2024-12-27,03330,4402.0,4432.0,4398.0,4428.0,4809400.0,21254342000.0,1.0,4402.0,4432.0,4398.0,4428.0,4809400.0
2024-12-30,03330,4429.0,4450.0,4428.0,4449.0,1270900.0,5645761000.0,1.0,4429.0,4450.0,4428.0,4449.0,1270900.0
2025-01-06,03330,4447.0,4521.0,4447.0,4521.0,1424400.0,6404577000.0,1.0,4447.0,4521.0,4447.0,4521.0,1424400.0
2025-01-07,03330,4526.0,4548.0,4526.0,4548.0,2679000.0,12164446000.0,1.0,4526.0,4548.0,4526.0,4548.0,2679000.0
2025-01-08,03330,4549.0,4596.0,4543.0,4590.0,1873200.0,8572388000.0,1.0,4549.0,4596.0,4543.0,4590.0,1873200.0
2025-01-09,03330,4584.0,4627.0,4576.0,4618.0,2452900.0,11300510000.0,1.0,4584.0,4627.0,4576.0,4618.0,2452900.0
2025-01-10,03330,4618.0,4640.0,4613.0,4635.0,2452200.0,11352051000.0,1.0,4618.0,4640.0,4613.0,4635.0,2452200.0
2025-01-13,03330,4637.0,4652.0,4580.0,4595.0,1499500.0,6911196000.0,1.0,4637.0,4652.0,4580.0,4595.0,1499500.0
2025-01-14,03330,4600.0,4603.0,4575.0,4578.0,1893000.0,8680036000.0,1.0,4600.0,4603.0,4575.0,4578.0,1893000.0
2025-01-15,03330,4577.0,4577.0,4550.0,4550.0,1272600.0,5801783000.0,1.0,4577.0,4577.0,4550.0,4550.0,1272600.0
2025-01-16,03330,4552.0,4562.0,4443.0,4453.0,1980700.0,8885420000.0,1.0,4552.0,4562.0,4443.0,4453.0,1980700.0
2025-01-17,03330,4453.0,4461.0,4393.0,4401.0,3085900.0,13634535000.0,1.0,4453.0,4461.0,4393.0,4401.0,3085900.0
2025-01-20,03330,4397.0,4446.0,4388.0,4437.0,2966900.0,13124577000.0,1.0,4397.0,4446.0,4388.0,4437.0,2966900.0
2025-01-21,03330,4432.0,4469.0,4424.0,4461.0,2637200.0,11739056000.0,1.0,4432.0,4469.0,4424.0,4461.0,2637200.0
2025-01-22,03330,4460.0,4475.0,4432.0,4447.0,1918200.0,8538548000.0,1.0,4460.0,4475.0,4432.0,4447.0,1918200.0
2025-01-23,03330,4449.0,4461.0,4427.0,4439.0,3808700.0,16919515000.0,1.0,4449.0,4461.0,4427.0,4439.0,3808700.0
2025-01-24,03330,4441.0,4444.0,4390.0,4393.0,3474500.0,15319070000.0,1.0,4441.0,4444.0,4390.0,4393.0,3474500.0
2025-01-27,03330,4395.0,4418.0,4393.0,4416.0,2479700.0,10932997000.0,1.0,4395.0,4418.0,4393.0,4416.0,2479700.0
2025-01-28,03330,4415.0,4435.0,4405.0,4425.0,2740900.0,12119346000.0,1.0,4415.0,4435.0,4405.0,4425.0,2740900.0
2025-01-29,03330,4419.0,4446.0,4412.0,4439.0,2648100.0,11737262000.0,1.0,4419.0,4446.0,4412.0,4439.0,2648100.0
2025-01-30,03330,4440.0,4456.0,4434.0,4450.0,2738700.0,12178086000.0,1.0,4440.0,4456.0,4434.0,4450.0,2738700.0
2025-01-31,03330,4443.0,4481.0,4440.0,4478.0,1748700.0,7810277000.0,1.0,4443.0,4481.0,4440.0,4478.0,1748700.0
2025-02-03,03330,4480.0,4488.0,4416.0,4424.0,1453900.0,6459193000.0,1.0,4480.0,4488.0,4416.0,4424.0,1453900.0
2025-02-04,03330,4429.0,4432.0,4380.0,4383.0,3282100.0,14435770000.0,1.0,4429.0,4432.0,4380.0,4383.0,3282100.0
2025-02-05,03330,4385.0,4404.0,4381.0,4400.0,6335200.0,27843204000.0,1.0,4385.0,4404.0,4381.0,4400.0,6335200.0
2025-02-06,03330,4398.0,4470.0,4398.0,4469.0,1693500.0,7528736000.0,1.0,4398.0,4470.0,4398.0,4469.0,1693500.0
2025-02-07,03330,4469.0,4469.0,4397.0,4397.0,3574400.0,15802422000.0,1.0,4469.0,4469.0,4397.0,4397.0,3574400.0
2025-02-10,03330,4398.0,4415.0,4394.0,4411.0,2320600.0,10226111000.0,1.0,4398.0,4415.0,4394.0,4411.0,2320600.0
2025-02-11,03330,4412.0,4419.0,4412.0,4419.0,2039500.0,9007792000.0,1.0,4412.0,4419.0,4412.0,4419.0,2039500.0
2025-02-12,03330,4420.0,4435.0,4417.0,4432.0,1898300.0,8405672000.0,1.0,4420.0,4435.0,4417.0,4432.0,1898300.0
2025-02-13,03330,4432.0,4471.0,4430.0,4469.0,2787200.0,12421621000.0,1.0,4432.0,4471.0,4430.0,4469.0,2787200.0
2025-02-14,03330,4470.0,4481.0,4449.0,4460.0,2651300.0,11833636000.0,1.0,4470.0,4481.0,4449.0,4460.0,2651300.0
2025-02-17,03330,4460.0,4461.0,4427.0,4428.0,4847600.0,21516881000.0,1.0,4460.0,4461.0,4427.0,4428.0,4847600.0
2025-02-18,03330,4424.0,4430.0,4422.0,4428.0,4070900.0,18020517000.0,1.0,4424.0,4430.0,4422.0,4428.0,4070900.0
2025-02-19,03330,4424.0,4489.0,4415.0,4480.0,3490700.0,15573176000.0,1.0,4424.0,4489.0,4415.0,4480.0,3490700.0
2025-02-20,03330,4481.0,4489.0,4464.0,4472.0,2618700.0,11718682000.0,1.0,4481.0,4489.0,4464.0,4472.0,2618700.0
2025-02-21,03330,4476.0,4483.0,4462.0,4469.0,2023600.0,9048190000.0,1.0,4476.0,4483.0,4462.0,4469.0,2023600.0
2025-02-24,03330,4466.0,4538.0,4458.0,4530.0,3335000.0,15036403000.0,1.0,4466.0,4538.0,4458.0,4530.0,3335000.0
2025-02-25,03330,4529.0,4530.0,4518.0,4519.0,2401900.0,10862192000.0,1.0,4529.0,4530.0,4518.0,4519.0,2401900.0
2025-02-26,03330,4516.0,4518.0,4493.0,4495.0,2837900.0,12776226000.0,1.0,4516.0,4518.0,4493.0,4495.0,2837900.0
2025-02-27,03330,4496.0,4498.0,4471.0,4473.0,2080700.0,9322923000.0,1.0,4496.0,4498.0,4471.0,4473.0,2080700.0
2025-02-28,03330,4472.0,4526.0,4468.0,4522.0,2570600.0,11581410000.0,1.0,4472.0,4526.0,4468.0,4522.0,2570600.0
2025-03-03,03330,4518.0,4522.0,4491.0,4495.0,4953900.0,22305760000.0,1.0,4518.0,4522.0,4491.0,4495.0,4953900.0
2025-03-04,03330,4495.0,4499.0,4471.0,4475.0,2197900.0,9850255000.0,1.0,4495.0,4499.0,4471.0,4475.0,2197900.0
2025-03-05,03330,4474.0,4486.0,4366.0,4378.0,3697800.0,16307298000.0,1.0,4474.0,4486.0,4366.0,4378.0,3697800.0
2025-03-06,03330,4377.0,4439.0,4377.0,4439.0,2299500.0,10159958000.0,1.0,4377.0,4439.0,4377.0,4439.0,2299500.0
2025-03-07,03330,4441.0,4459.0,4438.0,4456.0,1979800.0,8812090000.0,1.0,4441.0,4459.0,4438.0,4456.0,1979800.0
2025-03-10,03330,4456.0,4530.0,4446.0,4520.0,3698700.0,16639218000.0,1.0,4456.0,4530.0,4446.0,4520.0,3698700.0
2025-03-11,03330,4520.0,4552.0,4519.0,4551.0,2652500.0,12044118000.0,1.0,4520.0,4552.0,4519.0,4551.0,2652500.0
2025-03-12,03330,4545.0,4552.0,4454.0,4461.0,2166400.0,9724970000.0,1.0,4545.0,4552.0,4454.0,4461.0,2166400.0
2025-03-13,03330,4466.0,4474.0,4376.0,4383.0,2415000.0,10652565000.0,1.0,4466.0,4474.0,4376.0,4383.0,2415000.0
2025-03-14,03330,4386.0,4391.0,4381.0,4386.0,2590800.0,11363249000.0,1.0,4386.0,4391.0,4381.0,4386.0,2590800.0
2025-03-17,03330,4389.0,4440.0,4387.0,4438.0,1993100.0,8812824000.0,1.0,4389.0,4440.0,4387.0,4438.0,1993100.0
2025-03-18,03330,4438.0,4535.0,4429.0,4526.0,3295700.0,14819664000.0,1.0,4438.0,4535.0,4429.0,4526.0,3295700.0
2025-03-19,03330,4518.0,4528.0,4487.0,4497.0,2458300.0,11072183000.0,1.0,4518.0,4528.0,4487.0,4497.0,2458300.0
2025-03-20,03330,4500.0,4560.0,4499.0,4559.0,2165900.0,9831742000.0,1.0,4500.0,4560.0,4499.0,4559.0,2165900.0
2025-03-21,03330,4560.0,4561.0,4538.0,4539.0,2025500.0,9207923000.0,1.0,4560.0,4561.0,4538.0,4539.0,2025500.0
2025-03-24,03330,4543.0,4572.0,4530.0,4559.0,4108800.0,18710106000.0,1.0,4543.0,4572.0,4530.0,4559.0,4108800.0
2025-03-25,03330,4559.0,4561.0,4531.0,4533.0,3312500.0,15044271000.0,1.0,4559.0,4561.0,4531.0,4533.0,3312500.0
2025-03-26,03330,4535.0,4536.0,4478.0,4479.0,1562400.0,7027154000.0,1.0,4535.0,4536.0,4478.0,4479.0,1562400.0
2025-03-27,03330,4481.0,4508.0,4470.0,4497.0,2320600.0,10423362000.0,1.0,4481.0,4508.0,4470.0,4497.0,2320600.0
2025-03-28,03330,4497.0,4520.0,4489.0,4512.0,2383100.0,10740632000.0,1.0,4497.0,4520.0,4489.0,4512.0,2383100.0
2025-03-31,03330,4514.0,4519.0,4444.0,4449.0,4471300.0,19989692000.0,1.0,4514.0,4519.0,4444.0,4449.0,4471300.0
2025-04-01,03330,4451.0,4466.0,4449.0,4464.0,1729900.0,7714777000.0,1.0,4451.0,4466.0,4449.0,4464.0,1729900.0
2025-04-02,03330,4466.0,4563.0,4458.0,4555.0,2595600.0,11745955000.0,1.0,4466.0,4563.0,4458.0,4555.0,2595600.0
2025-04-03,03330,4549.0,4643.0,4547.0,4641.0,3630600.0,16738276000.0,1.0,4549.0,4643.0,4547.0,4641.0,3630600.0
2025-04-04,03330,4640.0,4649.0,4558.0,4567.0,1635700.0,7510044000.0,1.0,4640.0,4649.0,4558.0,4567.0,1635700.0
2025-04-07,03330,4567.0,4569.0,4481.0,4483.0,1899200.0,8567291000.0,1.0,4567.0,4569.0,4481.0,4483.0,1899200.0
2025-04-08,03330,4484.0,4570.0,4477.0,4563.0,1582700.0,7180182000.0,1.0,4484.0,4570.0,4477.0,4563.0,1582700.0
2025-04-09,03330,4567.0,4568.0,4536.0,4537.0,2814700.0,12798441000.0,1.0,4567.0,4568.0,4536.0,4537.0,2814700.0
2025-04-10,03330,4531.0,4547.0,4499.0,4515.0,2241400.0,10131875000.0,1.0,4531.0,4547.0,4499.0,4515.0,2241400.0
2025-04-11,03330,4515.0,4525.0,4420.0,4430.0,4184000.0,18653667000.0,1.0,4515.0,4525.0,4420.0,4430.0,4184000.0
2025-04-14,03330,4429.0,4533.0,4426.0,4530.0,2923000.0,13142782000.0,1.0,4429.0,4533.0,4426.0,4530.0,2923000.0
2025-04-15,03330,4530.0,4544.0,4528.0,4542.0,2618900.0,11884568000.0,1.0,4530.0,4544.0,4528.0,4542.0,2618900.0
2025-04-16,03330,4543.0,4550.0,4454.0,4461.0,3499600.0,15707371000.0,1.0,4543.0,4550.0,4454.0,4461.0,3499600.0
2025-04-17,03330,4464.0,4527.0,4459.0,4522.0,3980900.0,17924666000.0,1.0,4464.0,4527.0,4459.0,4522.0,3980900.0
2025-04-18,03330,4524.0,4526.0,4508.0,4510.0,2300600.0,10386442000.0,1.0,4524.0,4526.0,4508.0,4510.0,2300600.0
2025-04-21,03330,4504.0,4504.0,4449.0,4449.0,1873700.0,8370442000.0,1.0,4504.0,4504.0,4449.0,4449.0,1873700.0
2025-04-22,03330,4449.0,4457.0,4440.0,4448.0,1382700.0,6150710000.0,1.0,4449.0,4457.0,4440.0,4448.0,1382700.0
2025-04-23,03330,4448.0,4452.0,4353.0,4357.0,2319300.0,10175542000.0,1.0,4448.0,4452.0,4353.0,4357.0,2319300.0
2025-04-24,03330,4356.0,4364.0,4355.0,4363.0,2176000.0,9488811000.0,1.0,4356.0,4364.0,4355.0,4363.0,2176000.0
2025-04-25,03330,4362.0,4410.0,4360.0,4408.0,2338900.0,10274008000.0,1.0,4362.0,4410.0,4360.0,4408.0,2338900.0
2025-04-28,03330,4411.0,4446.0,4409.0,4444.0,3037900.0,13467011000.0,1.0,4411.0,4446.0,4409.0,4444.0,3037900.0
2025-04-29,03330,4440.0,4491.0,4426.0,4477.0,2462100.0,10992456000.0,1.0,4440.0,4491.0,4426.0,4477.0,2462100.0
2025-04-30,03330,4479.0,4503.0,4471.0,4495.0,4820900.0,21644234000.0,1.0,4479.0,4503.0,4471.0,4495.0,4820900.0
2025-05-01,03330,4494.0,4526.0,4483.0,4515.0,2058100.0,9277915000.0,1.0,4494.0,4526.0,4483.0,4515.0,2058100.0
2025-05-02,03330,4514.0,4516.0,4492.0,4494.0,2863700.0,12888559000.0,1.0,4514.0,4516.0,4492.0,4494.0,2863700.0
2025-05-05,03330,4487.0,4501.0,4484.0,4498.0,2898200.0,13025477000.0,1.0,4487.0,4501.0,4484.0,4498.0,2898200.0
2025-05-06,03330,4498.0,4518.0,4497.0,4517.0,2553600.0,11518438000.0,1.0,4498.0,4518.0,4497.0,4517.0,2553600.0
2025-05-07,03330,4517.0,4519.0,4489.0,4491.0,2972800.0,13376609000.0,1.0,4517.0,4519.0,4489.0,4491.0,2972800.0
2025-05-08,03330,4496.0,4502.0,4416.0,4422.0,3375900.0,15011502000.0,1.0,4496.0,4502.0,4416.0,4422.0,3375900.0
2025-05-09,03330,4425.0,4450.0,4425.0,4450.0,2450800.0,10885637000.0,1.0,4425.0,4450.0,4425.0,4450.0,2450800.0
2025-05-12,03330,4449.0,4468.0,4438.0,4457.0,2133800.0,9504656000.0,1.0,4449.0,4468.0,4438.0,4457.0,2133800.0
2025-05-13,03330,4459.0,4468.0,4455.0,4464.0,3225400.0,14392810000.0,1.0,4459.0,4468.0,4455.0,4464.0,3225400.0
2025-05-14,03330,4470.0,4471.0,4429.0,4430.0,2872700.0,12764364000.0,1.0,4470.0,4471.0,4429.0,4430.0,2872700.0
2025-05-15,03330,4423.0,4427.0,4359.0,4363.0,1997200.0,8753728000.0,1.0,4423.0,4427.0,4359.0,4363.0,1997200.0
2025-05-16,03330,4363.0,4415.0,4355.0,4407.0,2777000.0,12197510000.0,1.0,4363.0,4415.0,4355.0,4407.0,2777000.0
2025-05-19,03330,4408.0,4419.0,4274.0,4285.0,2088500.0,9034851000.0,1.0,4408.0,4419.0,4274.0,4285.0,2088500.0
2025-05-20,03330,4290.0,4295.0,4287.0,4292.0,2115100.0,9076599000.0,1.0,4290.0,4295.0,4287.0,4292.0,2115100.0
2025-05-21,03330,4291.0,4293.0,4239.0,4241.0,2101000.0,8945358000.0,1.0,4291.0,4293.0,4239.0,4241.0,2101000.0
2025-05-22,03330,4240.0,4247.0,4211.0,4218.0,1895700.0,8009964000.0,1.0,4240.0,4247.0,4211.0,4218.0,1895700.0
2025-05-23,03330,4216.0,4217.0,4140.0,4141.0,1847700.0,7697518000.0,1.0,4216.0,4217.0,4140.0,4141.0,1847700.0
2025-05-26,03330,4143.0,4144.0,4137.0,4138.0,1869500.0,7739107000.0,1.0,4143.0,4144.0,4137.0,4138.0,1869500.0
2025-05-27,03330,4142.0,4146.0,4135.0,4139.0,3832800.0,15867792000.0,1.0,4142.0,4146.0,4135.0,4139.0,3832800.0
2025-05-28,03330,4138.0,4229.0,4135.0,4226.0,3107700.0,13041981000.0,1.0,4138.0,4229.0,4135.0,4226.0,3107700.0
2025-05-29,03330,4225.0,4227.0,4131.0,4133.0,1567200.0,6525298000.0,1.0,4225.0,4227.0,4131.0,4133.0,1567200.0
2025-05-30,03330,4134.0,4135.0,4102.0,4103.0,2757700.0,11343339000.0,1.0,4134.0,4135.0,4102.0,4103.0,2757700.0
2025-06-02,03330,4100.0,4104.0,4077.0,4081.0,2183100.0,8923057000.0,1.0,4100.0,4104.0,4077.0,4081.0,2183100.0
2025-06-03,03330,4078.0,4083.0,4070.0,4075.0,1696300.0,6914119000.0,1.0,4078.0,4083.0,4070.0,4075.0,1696300.0
2025-06-04,03330,4072.0,4080.0,4009.0,4017.0,3194900.0,12892486000.0,1.0,4072.0,4080.0,4009.0,4017.0,3194900.0
2025-06-05,03330,4022.0,4042.0,4019.0,4039.0,3325800.0,13414060000.0,1.0,4022.0,4042.0,4019.0,4039.0,3325800.0
2025-06-06,03330,4039.0,4112.0,4035.0,4107.0,1824200.0,7451249000.0,1.0,4039.0,4112.0,4035.0,4107.0,1824200.0
2025-06-09,03330,4109.0,4114.0,4079.0,4084.0,2651300.0,10850003000.0,1.0,4109.0,4114.0,4079.0,4084.0,2651300.0
2025-06-10,03330,4087.0,4088.0,4058.0,4059.0,2669000.0,10858382000.0,1.0,4087.0,4088.0,4058.0,4059.0,2669000.0
2025-06-11,03330,4058.0,4146.0,4052.0,4139.0,2399100.0,9865899000.0,1.0,4058.0,4146.0,4052.0,4139.0,2399100.0
2025-06-12,03330,4140.0,4145.0,4090.0,4095.0,1980500.0,8139855000.0,1.0,4140.0,4145.0,4090.0,4095.0,1980500.0
2025-06-13,03330,4095.0,4128.0,4085.0,4118.0,1617800.0,6649697000.0,1.0,4095.0,4128.0,4085.0,4118.0,1617800.0
2025-06-16,03330,4114.0,4115.0,4080.0,4081.0,1725600.0,7061155000.0,1.0,4114.0,4115.0,4080.0,4081.0,1725600.0
2025-06-17,03330,4082.0,4118.0,4081.0,4117.0,1518500.0,6233949000.0,1.0,4082.0,4118.0,4081.0,4117.0,1518500.0
2025-06-18,03330,4116.0,4132.0,4110.0,4126.0,1314500.0,5419245000.0,1.0,4116.0,4132.0,4110.0,4126.0,1314500.0
2025-06-19,03330,4125.0,4234.0,4125.0,4234.0,1694400.0,7112526000.0,1.0,4125.0,4234.0,4125.0,4234.0,1694400.0
2025-06-20,03330,4238.0,4238.0,4169.0,4169.0,1534300.0,6431786000.0,1.0,4238.0,4238.0,4169.0,4169.0,1534300.0
2025-06-23,03330,4167.0,4172.0,4122.0,4127.0,1397400.0,5785702000.0,1.0,4167.0,4172.0,4122.0,4127.0,1397400.0
2025-06-24,03330,4134.0,4134.0,4040.0,4040.0,2598400.0,10578953000.0,1.0,4134.0,4134.0,4040.0,4040.0,2598400.0
2025-06-25,03330,4043.0,4048.0,3960.0,3965.0,3006500.0,11998942000.0,1.0,4043.0,4048.0,3960.0,3965.0,3006500.0
2025-06-26,03330,3967.0,3970.0,3929.0,3932.0,2543400.0,10030322000.0,1.0,3967.0,3970.0,3929.0,3932.0,2543400.0
2025-06-27,03330,3935.0,3947.0,3925.0,3937.0,1133700.0,4462621000.0,1.0,3935.0,3947.0,3925.0,3937.0,1133700.0
2025-06-30,03330,3933.0,3960.0,3931.0,3958.0,2045300.0,8078253000.0,1.0,3933.0,3960.0,3931.0,3958.0,2045300.0
2025-07-01,03330,3957.0,3972.0,3956.0,3971.0,2226100.0,8829455000.0,1.0,3957.0,3972.0,3956.0,3971.0,2226100.0
2025-07-02,03330,3971.0,3975.0,3958.0,3962.0,1901700.0,7540240000.0,1.0,3971.0,3975.0,3958.0,3962.0,1901700.0
2025-07-03,03330,3960.0,3967.0,3947.0,3954.0,2397200.0,9483323000.0,1.0,3960.0,3967.0,3947.0,3954.0,2397200.0
2025-07-04,03330,3951.0,3955.0,3937.0,3941.0,2670500.0,10533342000.0,1.0,3951.0,3955.0,3937.0,3941.0,2670500.0
2025-07-07,03330,3940.0,3944.0,3920.0,3924.0,1289200.0,5065697000.0,1.0,3940.0,3944.0,3920.0,3924.0,1289200.0
2025-07-08,03330,3926.0,3932.0,3865.0,3871.0,2170700.0,8442576000.0,1.0,3926.0,3932.0,3865.0,3871.0,2170700.0
2025-07-09,03330,3873.0,3883.0,3872.0,3882.0,3991400.0,15482641000.0,1.0,3873.0,3883.0,3872.0,3882.0,3991400.0
2025-07-10,03330,3883.0,3885.0,3870.0,3872.0,2118000.0,8208662000.0,1.0,3883.0,3885.0,3870.0,3872.0,2118000.0
2025-07-11,03330,3873.0,3904.0,3869.0,3900.0,4147800.0,16139090000.0,1.0,3873.0,3904.0,3869.0,3900.0,4147800.0
2025-07-14,03330,3902.0,3907.0,3841.0,3846.0,2470400.0,9547273000.0,1.0,3902.0,3907.0,3841.0,3846.0,2470400.0
2025-07-15,03330,3844.0,3849.0,3832.0,3837.0,2434500.0,9346857000.0,1.0,3844.0,3849.0,3832.0,3837.0,2434500.0
2025-07-16,03330,3837.0,3843.0,3790.0,3796.0,2844500.0,10836597000.0,1.0,3837.0,3843.0,3790.0,3796.0,2844500.0
2025-07-17,03330,3797.0,3804.0,3734.0,3741.0,3872200.0,14558181000.0,1.0,3797.0,3804.0,3734.0,3741.0,3872200.0
2025-07-18,03330,3745.0,3750.0,3672.0,3677.0,2819600.0,10431580000.0,1.0,3745.0,3750.0,3672.0,3677.0,2819600.0
2025-07-21,03330,3678.0,3724.0,3675.0,3721.0,1599600.0,5929184000.0,1.0,3678.0,3724.0,3675.0,3721.0,1599600.0
2025-07-22,03330,3724.0,3730.0,3718.0,3724.0,1117700.0,4162315000.0,1.0,3724.0,3730.0,3718.0,3724.0,1117700.0
2025-07-23,03330,3729.0,3734.0,3642.0,3647.0,2303100.0,8462357000.0,1.0,3729.0,3734.0,3642.0,3647.0,2303100.0
2025-07-24,03330,3646.0,3647.0,3616.0,3617.0,2930000.0,10626133000.0,1.0,3646.0,3647.0,3616.0,3617.0,2930000.0
2025-07-25,03330,3618.0,3621.0,3577.0,3580.0,2617400.0,9403446000.0,1.0,3618.0,3621.0,3577.0,3580.0,2617400.0
2025-07-28,03330,3584.0,3608.0,3574.0,3598.0,2536900.0,9115927000.0,1.0,3584.0,3608.0,3574.0,3598.0,2536900.0
2025-07-29,03330,3593.0,3609.0,3559.0,3574.0,1996200.0,7147727000.0,1.0,3593.0,3609.0,3559.0,3574.0,1996200.0
2025-07-30,03330,3573.0,3580.0,3550.0,3557.0,1694800.0,6037443000.0,1.0,3573.0,3580.0,3550.0,3557.0,1694800.0
2025-07-31,03330,3562.0,3566.0,3550.0,3554.0,3952500.0,14057725000.0,1.0,3562.0,3566.0,3550.0,3554.0,3952500.0
2025-08-01,03330,3559.0,3634.0,3557.0,3632.0,2770300.0,9994319000.0,1.0,3559.0,3634.0,3557.0,3632.0,2770300.0
2025-08-04,03330,3632.0,3645.0,3613.0,3626.0,2192100.0,7952939000.0,1.0,3632.0,3645.0,3613.0,3626.0,2192100.0
2025-08-05,03330,3629.0,3640.0,3628.0,3639.0,3297900.0,11990065000.0,1.0,3629.0,3640.0,3628.0,3639.0,3297900.0
2025-08-06,03330,3638.0,3694.0,3636.0,3692.0,3007200.0,11048453000.0,1.0,3638.0,3694.0,3636.0,3692.0,3007200.0
2025-08-07,03330,3689.0,3694.0,3683.0,3688.0,3230100.0,11913686000.0,1.0,3689.0,3694.0,3683.0,3688.0,3230100.0
2025-08-08,03330,3688.0,3688.0,3684.0,3684.0,2387700.0,8799470000.0,1.0,3688.0,3688.0,3684.0,3684.0,2387700.0
2025-08-11,03330,3684.0,3684.0,3613.0,3613.0,3255600.0,11839532000.0,1.0,3684.0,3684.0,3613.0,3613.0,3255600.0
2025-08-12,03330,3615.0,3617.0,3569.0,3571.0,2075900.0,7443485000.0,1.0,3615.0,3617.0,3569.0,3571.0,2075900.0
2025-08-13,03330,3571.0,3736.0,3564.0,3728.0,3850100.0,14152968000.0,1.0,3571.0,3736.0,3564.0,3728.0,3850100.0
2025-08-14,03330,3732.0,3736.0,3692.0,3696.0,3779400.0,14014015000.0,1.0,3732.0,3736.0,3692.0,3696.0,3779400.0
2025-08-15,03330,3694.0,3695.0,3659.0,3660.0,1712600.0,6287525000.0,1.0,3694.0,3695.0,3659.0,3660.0,1712600.0
2025-08-18,03330,3658.0,3659.0,3615.0,3616.0,2041300.0,7409919000.0,1.0,3658.0,3659.0,3615.0,3616.0,2041300.0
2025-08-19,03330,3617.0,3675.0,3612.0,3670.0,2589300.0,9456987000.0,1.0,3617.0,3675.0,3612.0,3670.0,2589300.0
2025-08-20,03330,3669.0,3672.0,3649.0,3652.0,1942800.0,7106115000.0,1.0,3669.0,3672.0,3649.0,3652.0,1942800.0
2025-08-21,03330,3651.0,3656.0,3647.0,3652.0,2088100.0,7625045000.0,1.0,3651.0,3656.0,3647.0,3652.0,2088100.0
2025-08-22,03330,3657.0,3660.0,3627.0,3630.0,2087100.0,7594957000.0,1.0,3657.0,3660.0,3627.0,3630.0,2087100.0
2025-08-25,03330,3628.0,3648.0,3625.0,3645.0,4102700.0,14931093000.0,1.0,3628.0,3648.0,3625.0,3645.0,4102700.0
2025-08-26,03330,3647.0,3665.0,3645.0,3663.0,2068000.0,7564055000.0,1.0,3647.0,3665.0,3645.0,3663.0,2068000.0
2025-08-27,03330,3662.0,3698.0,3657.0,3693.0,2316900.0,8532370000.0,1.0,3662.0,3698.0,3657.0,3693.0,2316900.0
2025-08-28,03330,3691.0,3693.0,3633.0,3635.0,2173800.0,7942341000.0,1.0,3691.0,3693.0,3633.0,3635.0,2173800.0
2025-08-29,03330,3633.0,3692.0,3624.0,3683.0,2886300.0,10582138000.0,1.0,3633.0,3692.0,3624.0,3683.0,2886300.0
2025-09-01,03330,3684.0,3793.0,3684.0,3793.0,2193100.0,8238746000.0,1.0,3684.0,3793.0,3684.0,3793.0,2193100.0
2025-09-02,03330,3793.0,3794.0,3736.0,3737.0,1118100.0,4199211000.0,1.0,3793.0,3794.0,3736.0,3737.0,1118100.0
2025-09-03,03330,3740.0,3750.0,3700.0,3710.0,2670200.0,9933144000.0,1.0,3740.0,3750.0,3700.0,3710.0,2670200.0
2025-09-04,03330,3711.0,3763.0,3710.0,3762.0,2147500.0,8042388000.0,1.0,3711.0,3763.0,3710.0,3762.0,2147500.0
2025-09-05,03330,3756.0,3772.0,3752.0,3768.0,6573400.0,24742278000.0,1.0,3756.0,3772.0,3752.0,3768.0,6573400.0
2025-09-08,03330,3772.0,3806.0,3770.0,3804.0,2167700.0,8222809000.0,1.0,3772.0,3806.0,3770.0,3804.0,2167700.0
2025-09-09,03330,3807.0,3865.0,3807.0,3865.0,2094400.0,8054364000.0,1.0,3807.0,3865.0,3807.0,3865.0,2094400.0
2025-09-10,03330,3873.0,3879.0,3799.0,3805.0,3465700.0,13265544000.0,1.0,3873.0,3879.0,3799.0,3805.0,3465700.0
2025-09-11,03330,3804.0,3811.0,3799.0,3806.0,4347900.0,16545209000.0,1.0,3804.0,3811.0,3799.0,3806.0,4347900.0
2025-09-12,03330,3806.0,3852.0,3801.0,3847.0,4863800.0,18644567000.0,1.0,3806.0,3852.0,3801.0,3847.0,4863800.0
2025-09-15,03330,3842.0,3863.0,3839.0,3860.0,1782600.0,6870140000.0,1.0,3842.0,3863.0,3839.0,3860.0,1782600.0
2025-09-16,03330,3858.0,3859.0,3850.0,3851.0,2168500.0,8355953000.0,1.0,3858.0,3859.0,3850.0,3851.0,2168500.0
2025-09-17,03330,3852.0,3870.0,3852.0,3870.0,3007600.0,11621366000.0,1.0,3852.0,3870.0,3852.0,3870.0,3007600.0
2025-09-18,03330,3870.0,3925.0,3870.0,3925.0,3232500.0,12628300000.0,1.0,3870.0,3925.0,3870.0,3925.0,3232500.0
2025-09-19,03330,3924.0,3965.0,3921.0,3962.0,2974600.0,11747687000.0,1.0,3924.0,3965.0,3921.0,3962.0,2974600.0
2025-09-22,03330,3965.0,4044.0,3960.0,4039.0,2002000.0,8036695000.0,1.0,3965.0,4044.0,3960.0,4039.0,2002000.0
2025-09-23,03330,4038.0,4085.0,4029.0,4076.0,2414100.0,9809293000.0,1.0,4038.0,4085.0,4029.0,4076.0,2414100.0
2025-09-24,03330,4075.0,4075.0,4063.0,4063.0,3199400.0,13011960000.0,1.0,4075.0,4075.0,4063.0,4063.0,3199400.0
2025-09-25,03330,4063.0,4064.0,4011.0,4012.0,2280000.0,9186120000.0,1.0,4063.0,4064.0,4011.0,4012.0,2280000.0
2025-09-26,03330,4011.0,4086.0,4001.0,4076.0,2143100.0,8688842000.0,1.0,4011.0,4086.0,4001.0,4076.0,2143100.0
2025-09-29,03330,4075.0,4113.0,4069.0,4107.0,2593700.0,10624660000.0,1.0,4075.0,4113.0,4069.0,4107.0,2593700.0
2025-09-30,03330,4106.0,4111.0,4096.0,4101.0,3097800.0,12709241000.0,1.0,4106.0,4111.0,4096.0,4101.0,3097800.0
2025-10-01,03330,4099.0,4107.0,4062.0,4070.0,2385800.0,9733269000.0,1.0,4099.0,4107.0,4062.0,4070.0,2385800.0
2025-10-02,03330,4073.0,4083.0,4064.0,4074.0,1906600.0,7766853000.0,1.0,4073.0,4083.0,4064.0,4074.0,1906600.0
2025-10-03,03330,4076.0,4077.0,4037.0,4038.0,2244000.0,9089696000.0,1.0,4076.0,4077.0,4037.0,4038.0,2244000.0
2025-10-06,03330,4035.0,4039.0,4012.0,4016.0,2321500.0,9337847000.0,1.0,4035.0,4039.0,4012.0,4016.0,2321500.0
2025-10-07,03330,4016.0,4060.0,4009.0,4053.0,2519300.0,10179652000.0,1.0,4016.0,4060.0,4009.0,4053.0,2519300.0
2025-10-08,03330,4052.0,4058.0,4010.0,4016.0,2071400.0,8343599000.0,1.0,4052.0,4058.0,4010.0,4016.0,2071400.0
2025-10-09,03330,4021.0,4024.0,3989.0,3992.0,2313500.0,9257856000.0,1.0,4021.0,4024.0,3989.0,3992.0,2313500.0
2025-10-10,03330,3992.0,4055.0,3991.0,4054.0,2114800.0,8529693000.0,1.0,3992.0,4055.0,3991.0,4054.0,2114800.0
2025-10-13,03330,4055.0,4055.0,4053.0,4053.0,2807300.0,11379858000.0,1.0,4055.0,4055.0,4053.0,4053.0,2807300.0
2025-10-14,03330,4055.0,4135.0,4053.0,4133.0,1614600.0,6631162000.0,1.0,4055.0,4135.0,4053.0,4133.0,1614600.0
2025-10-15,03330,4137.0,4146.0,4125.0,4134.0,1965800.0,8128583000.0,1.0,4137.0,4146.0,4125.0,4134.0,1965800.0
2025-10-16,03330,4133.0,4134.0,4094.0,4095.0,3288100.0,13506419000.0,1.0,4133.0,4134.0,4094.0,4095.0,3288100.0
2025-10-17,03330,4095.0,4133.0,4094.0,4132.0,1133100.0,4667994000.0,1.0,4095.0,4133.0,4094.0,4132.0,1133100.0
2025-10-20,03330,4130.0,4142.0,4124.0,4136.0,2626300.0,10857124000.0,1.0,4130.0,4142.0,4124.0,4136.0,2626300.0
2025-10-21,03330,4137.0,4156.0,4136.0,4155.0,2613500.0,10843412000.0,1.0,4137.0,4156.0,4136.0,4155.0,2613500.0
2025-10-22,03330,4157.0,4216.0,4149.0,4208.0,1445400.0,6057671000.0,1.0,4157.0,4216.0,4149.0,4208.0,1445400.0
2025-10-23,03330,4213.0,4286.0,4200.0,4273.0,2564300.0,10905968000.0,1.0,4213.0,4286.0,4200.0,4273.0,2564300.0
2025-10-24,03330,4274.0,4402.0,4265.0,4393.0,1181500.0,5143463000.0,1.0,4274.0,4402.0,4265.0,4393.0,1181500.0
2025-10-27,03330,4392.0,4461.0,4389.0,4458.0,5719300.0,25370815000.0,1.0,4392.0,4461.0,4389.0,4458.0,5719300.0
2025-10-28,03330,4453.0,4465.0,4395.0,4407.0,4187400.0,18518079000.0,1.0,4453.0,4465.0,4395.0,4407.0,4187400.0
2025-10-29,03330,4407.0,4408.0,4357.0,4358.0,4090400.0,17892773000.0,1.0,4407.0,4408.0,4357.0,4358.0,4090400.0
2025-10-30,03330,4362.0,4405.0,4361.0,4404.0,2161600.0,9489424000.0,1.0,4362.0,4405.0,4361.0,4404.0,2161600.0
2025-10-31,03330,4400.0,4402.0,4351.0,4353.0,3168900.0,13843868000.0,1.0,4400.0,4402.0,4351.0,4353.0,3168900.0
2025-11-03,03330,4352.0,4352.0,4289.0,4289.0,4244700.0,18294657000.0,1.0,4352.0,4352.0,4289.0,4289.0,4244700.0
2025-11-04,03330,4292.0,4294.0,4263.0,4265.0,3043600.0,13008346000.0,1.0,4292.0,4294.0,4263.0,4265.0,3043600.0
2025-11-05,03330,4261.0,4270.0,4234.0,4243.0,3506500.0,14899118000.0,1.0,4261.0,4270.0,4234.0,4243.0,3506500.0
2025-11-06,03330,4245.0,4271.0,4230.0,4256.0,3511900.0,14933769000.0,1.0,4245.0,4271.0,4230.0,4256.0,3511900.0
2025-11-07,03330,4259.0,4271.0,4249.0,4261.0,2623800.0,11178263000.0,1.0,4259.0,4271.0,4249.0,4261.0,2623800.0
2025-11-10,03330,4265.0,4267.0,4197.0,4198.0,2770000.0,11691247000.0,1.0,4265.0,4267.0,4197.0,4198.0,2770000.0
2025-11-11,03330,4200.0,4241.0,4196.0,4237.0,3057100.0,12915228000.0,1.0,4200.0,4241.0,4196.0,4237.0,3057100.0
2025-11-12,03330,4239.0,4244.0,4146.0,4151.0,1409100.0,5890508000.0,1.0,4239.0,4244.0,4146.0,4151.0,1409100.0
2025-11-13,03330,4158.0,4190.0,4157.0,4189.0,2902000.0,12126491000.0,1.0,4158.0,4190.0,4157.0,4189.0,2902000.0
2025-11-14,03330,4193.0,4196.0,4138.0,4141.0,2329900.0,9688501000.0,1.0,4193.0,4196.0,4138.0,4141.0,2329900.0
2025-11-17,03330,4142.0,4177.0,4129.0,4164.0,3744200.0,15563391000.0,1.0,4142.0,4177.0,4129.0,4164.0,3744200.0
2025-11-18,03330,4165.0,4169.0,4099.0,4103.0,2159800.0,8906295000.0,1.0,4165.0,4169.0,4099.0,4103.0,2159800.0
2025-11-19,03330,4100.0,4105.0,4099.0,4104.0,2391000.0,9809476000.0,1.0,4100.0,4105.0,4099.0,4104.0,2391000.0
2025-11-20,03330,4111.0,4115.0,3964.0,3968.0,2187200.0,8783066000.0,1.0,4111.0,4115.0,3964.0,3968.0,2187200.0
2025-11-21,03330,3966.0,3973.0,3952.0,3959.0,2540200.0,10062579000.0,1.0,3966.0,3973.0,3952.0,3959.0,2540200.0
2025-11-24,03330,3960.0,3965.0,3956.0,3961.0,3472400.0,13753019000.0,1.0,3960.0,3965.0,3956.0,3961.0,3472400.0
2025-11-25,03330,3965.0,3968.0,3943.0,3946.0,3439400.0,13593655000.0,1.0,3965.0,3968.0,3943.0,3946.0,3439400.0
2025-11-26,03330,3947.0,4053.0,3943.0,4049.0,2133400.0,8565601000.0,1.0,3947.0,4053.0,3943.0,4049.0,2133400.0
2025-11-27,03330,4054.0,4057.0,4048.0,4051.0,4266100.0,17286237000.0,1.0,4054.0,4057.0,4048.0,4051.0,4266100.0
2025-11-28,03330,4049.0,4050.0,4015.0,4016.0,2926000.0,11783002000.0,1.0,4049.0,4050.0,4015.0,4016.0,2926000.0
2025-12-01,03330,4022.0,4044.0,4021.0,4043.0,2098100.0,8467932000.0,1.0,4022.0,4044.0,4021.0,4043.0,2098100.0
2025-12-02,03330,4044.0,4119.0,4038.0,4113.0,2977300.0,12177157000.0,1.0,4044.0,4119.0,4038.0,4113.0,2977300.0
2025-12-03,03330,4116.0,4120.0,4076.0,4080.0,2664800.0,10904362000.0,1.0,4116.0,4120.0,4076.0,4080.0,2664800.0
2025-12-04,03330,4079.0,4088.0,3999.0,4008.0,1280500.0,5162549000.0,1.0,4079.0,4088.0,3999.0,4008.0,1280500.0
2025-12-05,03330,4014.0,4030.0,4012.0,4028.0,2154700.0,8669076000.0,1.0,4014.0,4030.0,4012.0,4028.0,2154700.0
2025-12-08,03330,4034.0,4045.0,4011.0,4022.0,2635900.0,10612133000.0,1.0,4034.0,4045.0,4011.0,4022.0,2635900.0
2025-12-09,03330,4016.0,4039.0,4013.0,4036.0,882400.0,3555484000.0,1.0,4016.0,4039.0,4013.0,4036.0,882400.0
2025-12-10,03330,4038.0,4054.0,4037.0,4053.0,4521300.0,18302222000.0,1.0,4038.0,4054.0,4037.0,4053.0,4521300.0
2025-12-11,03330,4056.0,4064.0,4007.0,4015.0,2248800.0,9059666000.0,1.0,4056.0,4064.0,4007.0,4015.0,2248800.0
2025-12-12,03330,4016.0,4020.0,3926.0,3930.0,3609700.0,14289599000.0,1.0,4016.0,4020.0,3926.0,3930.0,3609700.0
2025-12-15,03330,3928.0,4026.0,3924.0,4022.0,2683500.0,10708954000.0,1.0,3928.0,4026.0,3924.0,4022.0,2683500.0
2025-12-16,03330,4024.0,4026.0,3968.0,3970.0,2641200.0,10533106000.0,1.0,4024.0,4026.0,3968.0,3970.0,2641200.0
2025-12-17,03330,3972.0,3977.0,3954.0,3959.0,1806100.0,7158176000.0,1.0,3972.0,3977.0,3954.0,3959.0,1806100.0
2025-12-18,03330,3955.0,3989.0,3951.0,3985.0,3048500.0,12117788000.0,1.0,3955.0,3989.0,3951.0,3985.0,3048500.0
2025-12-19,03330,3986.0,3989.0,3941.0,3944.0,2333600.0,9236389000.0,1.0,3986.0,3989.0,3941.0,3944.0,2333600.0
2025-12-22,03330,3944.0,3952.0,3931.0,3939.0,2427300.0,9565180000.0,1.0,3944.0,3952.0,3931.0,3939.0,2427300.0
2025-12-23,03330,3937.0,3966.0,3932.0,3961.0,1994600.0,7884654000.0,1.0,3937.0,3966.0,3932.0,3961.0,1994600.0
2025-12-24,03330,3960.0,3965.0,3883.0,3888.0,2036700.0,7967570000.0,1.0,3960.0,3965.0,3883.0,3888.0,2036700.0
2025-12-25,03330,3889.0,3923.0,3876.0,3910.0,3882000.0,15151446000.0,1.0,3889.0,3923.0,3876.0,3910.0,3882000.0
2025-12-26,03330,3915.0,3921.0,3874.0,3880.0,3553400.0,13828648000.0,1.0,3915.0,3921.0,3874.0,3880.0,3553400.0
2025-12-29,03330,3879.0,3923.0,3871.0,3915.0,3099500.0,12097348000.0,1.0,3879.0,3923.0,3871.0,3915.0,3099500.0
2025-12-30,03330,3909.0,3915.0,3863.0,3869.0,2485900.0,9651092000.0,1.0,3909.0,3915.0,3863.0,3869.0,2485900.0
